Date,SMA_5,EMA_5,MACD,MACD_SIGNAL,MACD_HIST,RSI,BB_UPPER,BB_LOWER,BB_MIDDLE,OBV,ADX,DMP,DMN
2019-12-31,,,,,,,,,,6910000.0,,,
2020-01-02,,,,,,,,,,-974800.0,,,
2020-01-03,,,,,,,,,,6122400.0,,,
2020-01-06,,,,,,,,,,11641200.0,,,
2020-01-07,60.2,60.2,,,,,,,,4988000.0,,,
2020-01-08,60.15,60.23,,,,48.67,,,,-948000.0,,,
2020-01-09,60.37,60.41,,,,69.84,,,,6010000.0,,,
2020-01-10,60.53,60.57,,,,73.2,,,,11135600.0,,,
2020-01-13,60.78,60.91,,,,85.62,,,,17015200.0,,,
2020-01-14,61.1,61.25,,,,88.68,,,,25268000.0,,,
2020-01-15,61.62,61.8,,,,93.6,,,,31665200.0,,,
2020-01-16,62.08,62.22,,,,94.17,,,,39579600.0,,,
2020-01-17,62.57,62.6,,,,95.07,,,,48933600.0,,,
2020-01-21,63.09,63.14,,,,96.91,,,,60420000.0,,,
2020-01-22,63.7,63.75,,,,97.79,,,,67485600.0,,54.72,3.11
2020-01-23,64.13,64.17,,,,97.84,,,,77698000.0,,55.11,2.75
2020-01-24,64.7,64.76,,,,98.59,,,,88008400.0,,42.74,11.18
2020-01-27,65.37,65.4,,,,98.96,,,,96687200.0,,46.26,9.58
2020-01-28,65.81,65.75,,,,89.82,,,,88424400.0,,43.3,8.34
2020-01-29,66.11,65.98,,,,89.27,67.55,58.0,62.78,82416000.0,,40.42,7.78
2020-01-30,66.6,66.48,,,,93.47,68.2,58.05,63.12,88744800.0,,43.51,6.83
2020-01-31,66.82,66.67,,,,77.7,68.58,58.4,63.49,81208000.0,,40.54,6.22
2020-02-03,66.83,66.68,,,,66.44,68.84,58.8,63.82,70166800.0,,37.52,6.94
2020-02-04,66.76,66.5,,,,51.27,68.97,59.26,64.11,59684000.0,,34.64,11.6
2020-02-05,66.81,66.56,,,,61.72,69.08,59.78,64.43,68350800.0,,30.57,13.92
2020-02-06,66.73,66.73,2.26,,,68.1,69.14,60.39,64.77,76225200.0,,33.67,12.75
2020-02-07,66.8,66.95,2.2,,,72.39,69.21,60.99,65.1,82635200.0,,34.1,11.85
2020-02-10,67.04,67.28,2.18,,,78.86,69.25,61.65,65.45,90302000.0,59.54,32.61,11.21
2020-02-11,67.42,67.53,2.14,,,79.96,69.3,62.25,65.77,98152800.0,58.97,35.82,10.65
2020-02-12,67.6,67.54,2.05,,,61.59,69.18,62.93,66.05,92316400.0,57.11,34.07,14.29
2020-02-13,67.96,67.98,2.06,,,78.56,69.36,63.35,66.35,99816800.0,56.4,37.7,12.56
2020-02-14,68.41,68.53,2.11,,,83.8,69.61,63.75,66.68,107171600.0,56.41,41.65,11.59
2020-02-18,68.92,69.19,2.19,,,88.02,70.0,64.08,67.04,116961200.0,57.05,46.18,10.4
2020-02-19,69.05,69.02,2.08,2.14,-0.06,52.33,70.0,64.52,67.26,95826400.0,55.66,39.59,16.2
2020-02-20,69.39,69.1,2.02,2.12,-0.1,58.99,70.14,64.81,67.48,106558000.0,53.85,36.71,17.38
2020-02-21,69.49,69.2,1.96,2.09,-0.13,60.62,70.23,65.16,67.69,117588800.0,52.57,37.93,16.47
2020-02-24,69.26,68.96,1.82,2.03,-0.21,45.78,70.24,65.4,67.82,108497200.0,50.5,34.55,19.08
2020-02-25,68.68,68.5,1.61,1.95,-0.33,35.15,70.24,65.5,67.87,98211600.0,47.13,30.71,24.49
2020-02-26,68.42,68.12,1.42,1.84,-0.42,32.87,70.21,65.62,67.91,88660000.0,43.53,27.81,25.38
2020-02-27,67.36,66.74,0.98,1.67,-0.69,14.41,70.6,64.98,67.79,74056000.0,42.2,21.5,37.97
2020-02-28,66.12,65.55,0.56,1.45,-0.89,12.43,71.03,64.12,67.57,46587600.0,42.51,17.86,48.15
2020-03-02,65.84,66.07,0.54,1.27,-0.73,53.08,71.03,64.13,67.58,65893200.0,39.87,31.75,38.94
2020-03-03,65.58,66.14,0.45,1.1,-0.65,47.43,71.03,64.08,67.56,50257200.0,36.69,33.68,34.1
2020-03-04,66.22,67.61,0.72,1.02,-0.31,69.25,71.42,64.13,67.78,64970400.0,34.71,36.02,28.32
2020-03-05,67.23,68.09,0.79,0.98,-0.18,58.48,71.54,64.25,67.89,52558400.0,32.91,32.67,25.69
2020-03-06,68.19,68.04,0.76,0.94,-0.17,51.33,71.57,64.31,67.94,38002000.0,30.77,28.46,31.95
2020-03-09,67.83,67.14,0.52,0.85,-0.33,37.44,71.63,64.04,67.84,22437600.0,29.58,24.39,33.35
2020-03-10,67.36,66.07,0.21,0.72,-0.51,31.78,71.8,63.47,67.63,-1306000.0,29.52,19.96,36.11
2020-03-11,65.31,64.15,-0.32,0.51,-0.84,21.29,72.48,62.01,67.25,-20937200.0,29.73,17.6,34.42
2020-03-12,61.95,60.17,-1.38,0.13,-1.52,11.07,74.86,58.1,66.48,-52605600.0,31.58,13.96,46.42
2020-03-13,59.44,58.58,-1.94,-0.28,-1.66,27.98,75.39,56.22,65.81,-21019200.0,33.6,12.01,45.22
2020-03-16,56.44,55.83,-2.77,-0.78,-1.99,20.29,76.38,53.31,64.84,-41259600.0,35.45,10.48,39.47
2020-03-17,54.74,55.7,-2.97,-1.22,-1.75,40.82,76.01,52.17,64.09,-19721600.0,36.33,12.44,34.5
2020-03-18,53.21,54.69,-3.32,-1.64,-1.68,34.72,75.99,50.59,63.29,-41919600.0,37.31,10.85,32.01
2020-03-19,53.12,53.72,-3.62,-2.03,-1.59,32.78,75.75,49.08,62.42,-59360800.0,38.21,9.84,29.02
2020-03-20,51.63,51.79,-4.13,-2.45,-1.67,25.13,75.67,47.01,61.34,-81843200.0,39.59,8.87,32.02
2020-03-23,50.65,49.67,-4.68,-2.9,-1.78,21.09,75.7,44.68,60.19,-105504800.0,41.25,8.22,34.87
2020-03-24,49.88,50.32,-4.56,-3.23,-1.33,47.23,74.94,43.85,59.39,-87604000.0,40.66,15.5,31.02
2020-03-25,49.87,51.07,-4.34,-3.45,-0.89,50.32,74.02,43.29,58.65,-69809600.0,39.13,18.63,27.92
2020-03-26,51.07,53.3,-3.7,-3.5,-0.2,64.72,73.51,43.17,58.34,-55154400.0,36.7,22.31,25.32
2020-03-27,53.08,54.87,-3.14,-3.43,0.29,65.24,73.09,43.07,58.08,-38970000.0,34.06,23.24,23.65
2020-03-30,56.29,57.08,-2.39,-3.22,0.83,73.28,72.33,43.27,57.8,-22596400.0,31.99,24.86,22.13
2020-03-31,58.0,58.1,-1.88,-2.95,1.07,65.97,71.55,43.45,57.5,-41495600.0,30.07,23.97,21.34
2020-04-01,58.4,56.92,-1.9,-2.74,0.84,43.44,69.44,43.95,56.7,-55186800.0,29.01,21.38,29.29
2020-04-02,58.16,56.82,-1.74,-2.54,0.8,51.1,67.5,44.65,56.07,-45952400.0,28.03,20.07,27.5
2020-04-03,57.65,56.35,-1.69,-2.37,0.69,46.5,65.48,45.41,55.45,-54708000.0,27.12,19.16,26.26
2020-04-06,57.07,57.11,-1.37,-2.17,0.8,58.89,64.21,46.01,55.11,-41440400.0,25.65,21.44,24.59
2020-04-07,56.47,57.11,-1.22,-1.98,0.76,51.87,62.99,46.55,54.77,-51947600.0,23.99,21.94,23.27
2020-04-08,57.23,57.53,-1.0,-1.78,0.79,57.18,62.68,46.67,54.68,-33656800.0,22.74,20.8,23.82
2020-04-09,58.17,58.8,-0.57,-1.54,0.97,67.67,63.54,46.72,55.13,-14069200.0,21.62,25.53,22.05
2020-04-13,58.9,58.88,-0.41,-1.32,0.9,54.76,63.9,46.73,55.31,-24826400.0,20.51,24.31,21.44
2020-04-14,59.29,59.45,-0.16,-1.08,0.92,61.07,64.39,47.26,55.83,-13153200.0,19.56,23.85,20.59
2020-04-15,59.73,59.4,-0.07,-0.88,0.82,53.3,64.71,47.33,56.02,-23144000.0,18.44,23.07,21.26
2020-04-16,59.93,59.39,0.02,-0.7,0.72,53.67,65.02,47.69,56.35,-12812800.0,17.4,22.49,20.72
2020-04-17,59.98,60.12,0.25,-0.51,0.76,65.32,65.53,48.16,56.84,-1860000.0,16.94,24.61,19.71
2020-04-20,60.05,59.88,0.27,-0.36,0.62,49.87,65.13,49.7,57.42,-10574400.0,16.36,23.31,19.53
2020-04-21,59.7,59.54,0.23,-0.24,0.47,46.4,63.5,52.68,58.09,-21196400.0,15.24,22.42,22.03
2020-04-22,60.2,60.29,0.43,-0.1,0.53,63.46,63.36,53.84,58.6,-9436800.0,15.07,26.47,20.46
2020-04-23,60.38,60.29,0.46,0.01,0.45,52.7,62.9,55.06,58.98,-18797200.0,14.9,25.36,19.6
2020-04-24,60.05,60.17,0.46,0.1,0.36,50.16,62.99,55.19,59.09,-26826400.0,14.33,24.48,21.32
2020-04-27,60.35,60.41,0.52,0.18,0.34,57.15,63.18,55.29,59.24,-18368800.0,14.17,26.12,20.48
2020-04-28,60.55,60.22,0.48,0.24,0.24,47.89,62.97,55.34,59.15,-26833600.0,13.66,24.72,21.41
2020-04-29,59.94,59.74,0.36,0.27,0.1,40.04,62.87,55.29,59.08,-36735200.0,12.71,23.34,23.18
2020-04-30,59.44,59.09,0.18,0.25,-0.07,33.44,62.49,56.0,59.25,-54670000.0,12.19,22.41,25.06
2020-05-01,58.81,58.31,-0.04,0.19,-0.23,27.66,62.47,56.04,59.25,-63838000.0,12.08,21.51,26.62
2020-05-04,58.13,58.05,-0.15,0.12,-0.28,37.71,62.18,56.54,59.36,-54760800.0,11.84,21.38,25.49
2020-05-05,57.67,57.87,-0.24,0.05,-0.29,37.75,62.22,56.39,59.3,-46718800.0,11.23,22.99,24.57
2020-05-06,57.05,57.14,-0.45,-0.05,-0.4,24.65,62.42,56.04,59.23,-54096400.0,11.34,21.59,27.9
2020-05-07,56.72,56.8,-0.58,-0.16,-0.42,31.88,62.57,55.67,59.12,-45404400.0,11.44,20.64,26.68
2020-05-08,56.85,57.01,-0.57,-0.24,-0.33,49.38,62.29,55.55,58.92,-34095600.0,11.27,21.23,25.45
2020-05-11,56.72,56.95,-0.6,-0.31,-0.29,43.18,62.3,55.32,58.81,-41950000.0,11.29,20.3,25.6
2020-05-12,56.61,56.96,-0.6,-0.37,-0.23,45.19,62.11,55.16,58.63,-32384800.0,11.15,20.55,24.74
2020-05-13,56.98,57.15,-0.56,-0.41,-0.15,53.42,62.04,55.05,58.54,-18308000.0,10.85,20.69,23.8
2020-05-14,57.37,57.45,-0.47,-0.42,-0.05,60.55,61.95,55.0,58.48,-6712400.0,10.16,22.02,22.57
2020-05-15,57.28,57.29,-0.49,-0.43,-0.06,43.33,61.48,55.02,58.25,-26944800.0,10.07,20.33,24.3
2020-05-18,57.68,57.81,-0.34,-0.42,0.07,64.95,61.42,55.02,58.22,-17821600.0,9.57,23.87,22.44
2020-05-19,57.81,57.75,-0.33,-0.4,0.07,49.56,61.35,54.96,58.16,-24354400.0,8.95,22.83,23.23
2020-05-20,57.94,57.9,-0.26,-0.37,0.11,55.64,60.71,55.25,57.98,-18507200.0,8.46,23.0,22.05
2020-05-21,57.77,57.68,-0.29,-0.35,0.07,44.3,60.36,55.3,57.83,-26815600.0,8.1,21.86,23.45
2020-05-22,58.07,57.94,-0.2,-0.32,0.12,57.93,60.11,55.39,57.75,-20825600.0,7.91,20.48,22.82
2020-05-26,58.02,58.15,-0.13,-0.28,0.16,59.1,59.56,55.72,57.64,-13166800.0,7.65,23.75,21.82
2020-05-27,58.55,58.86,0.07,-0.21,0.28,72.95,59.69,55.63,57.66,-823200.0,7.81,24.89,20.38
2020-05-28,59.48,60.19,0.43,-0.09,0.51,83.46,60.87,54.85,57.86,11592800.0,9.24,32.37,18.32
2020-05-29,60.81,61.42,0.79,0.09,0.7,86.21,62.16,54.17,58.17,26902400.0,10.97,34.39,17.13
2020-06-01,61.9,62.25,1.06,0.28,0.78,86.27,63.18,53.87,58.53,33558000.0,12.74,33.82,16.0
2020-06-02,63.02,62.88,1.28,0.48,0.8,87.03,64.09,53.63,58.86,44198000.0,14.57,33.6,15.0
2020-06-03,63.94,63.55,1.5,0.69,0.81,89.34,65.03,53.42,59.23,51501200.0,16.44,33.63,14.18
2020-06-04,63.96,63.36,1.5,0.85,0.65,56.74,65.38,53.81,59.59,39488800.0,16.59,29.78,20.47
2020-06-05,63.9,63.44,1.54,0.99,0.55,62.31,65.77,54.16,59.96,51859600.0,16.73,27.46,18.87
2020-06-08,64.15,64.0,1.67,1.12,0.54,72.96,66.44,54.25,60.35,60008800.0,17.11,26.92,17.16
2020-06-09,64.25,64.22,1.71,1.24,0.47,66.04,66.89,54.59,60.74,52018400.0,17.47,25.35,16.16
2020-06-10,64.11,64.21,1.69,1.33,0.36,58.8,67.17,55.03,61.1,45344000.0,18.02,25.72,15.37
2020-06-11,63.93,63.5,1.49,1.36,0.13,36.36,67.18,55.47,61.33,35625600.0,16.83,23.2,22.58
2020-06-12,63.56,62.91,1.28,1.35,-0.06,33.67,67.17,55.85,61.51,27268800.0,15.77,21.55,22.45
2020-06-15,62.96,62.66,1.14,1.31,-0.16,40.15,67.04,56.51,61.77,35673200.0,15.21,19.72,23.12
2020-06-16,62.44,62.45,1.01,1.25,-0.24,39.0,67.02,56.84,61.93,27616400.0,14.25,20.94,21.67
2020-06-17,62.05,62.38,0.91,1.18,-0.27,43.21,66.86,57.47,62.16,34384000.0,13.5,19.93,21.49
2020-06-18,62.08,62.33,0.82,1.11,-0.29,42.9,66.69,58.04,62.36,27997200.0,12.81,19.25,20.76
2020-06-19,61.84,61.74,0.61,1.01,-0.4,22.98,66.27,58.79,62.53,13544400.0,12.82,17.55,22.81
2020-06-22,61.77,61.75,0.53,0.91,-0.38,45.65,65.97,59.42,62.69,20735200.0,13.08,16.29,22.73
2020-06-23,61.52,61.43,0.39,0.81,-0.42,35.34,65.63,59.98,62.81,11429200.0,12.91,17.0,21.04
2020-06-24,61.15,61.09,0.24,0.69,-0.45,31.74,65.61,60.01,62.81,4528000.0,13.33,16.04,23.45
2020-06-25,60.66,60.66,0.07,0.57,-0.5,26.28,65.75,59.57,62.66,-3296800.0,14.13,15.1,24.91
2020-06-26,60.37,60.12,-0.12,0.43,-0.55,20.99,65.83,59.01,62.42,-13404000.0,14.97,14.04,23.9
2020-06-29,59.93,59.94,-0.23,0.3,-0.53,32.63,65.76,58.65,62.2,-7610800.0,15.91,13.39,23.82
2020-06-30,59.77,59.97,-0.27,0.19,-0.46,42.71,65.55,58.44,62.0,1921600.0,15.98,16.18,22.78
2020-07-01,60.0,60.5,-0.18,0.11,-0.29,63.97,65.13,58.53,61.83,7946000.0,14.9,20.36,20.69
2020-07-02,60.36,60.87,-0.11,0.07,-0.17,64.35,65.02,58.5,61.76,13927200.0,14.17,21.82,19.85
2020-07-06,60.9,61.16,-0.03,0.05,-0.08,66.14,64.81,58.52,61.67,20184000.0,13.27,20.77,20.12
2020-07-07,61.33,61.33,0.02,0.04,-0.02,64.41,64.22,58.77,61.5,14166800.0,12.4,19.71,20.12
2020-07-08,61.98,61.99,0.19,0.07,0.12,81.19,63.89,58.97,61.43,23800400.0,12.48,24.19,18.4
2020-07-09,62.27,62.33,0.29,0.12,0.18,72.8,63.6,59.14,61.37,16981600.0,12.56,22.93,17.44
2020-07-10,62.93,63.19,0.53,0.2,0.33,84.61,64.21,58.81,61.51,27060800.0,13.78,28.96,15.7
2020-07-13,63.39,63.48,0.63,0.29,0.35,68.26,64.55,58.7,61.63,17460000.0,15.06,28.0,14.54
2020-07-14,64.18,64.2,0.84,0.4,0.44,78.16,65.2,58.4,61.8,29614400.0,16.52,27.81,13.22
2020-07-15,64.47,64.38,0.92,0.5,0.42,64.09,65.57,58.3,61.94,21169600.0,18.09,27.41,12.2
2020-07-16,65.29,65.29,1.16,0.63,0.52,77.48,66.46,57.9,62.18,31311600.0,19.92,27.76,10.88
2020-07-17,66.08,66.47,1.47,0.8,0.67,83.29,67.68,57.34,62.51,43773200.0,22.31,32.7,9.93
2020-07-20,66.98,67.18,1.68,0.97,0.7,79.45,68.63,57.19,62.91,37404400.0,24.57,31.62,9.47
2020-07-21,67.67,67.81,1.86,1.15,0.71,81.48,69.56,56.99,63.28,43362800.0,26.8,31.47,8.92
2020-07-22,68.74,68.58,2.07,1.33,0.73,85.22,70.58,56.9,63.74,49730800.0,29.09,31.82,8.22
2020-07-23,69.37,69.13,2.21,1.51,0.7,85.71,71.45,57.02,64.23,57880800.0,31.37,32.09,7.78
2020-07-24,69.61,69.44,2.29,1.67,0.62,81.34,72.08,57.41,64.75,50164800.0,33.58,30.94,7.19
2020-07-27,69.78,69.43,2.27,1.79,0.48,66.02,72.38,58.15,65.26,41255600.0,35.03,29.19,8.74
2020-07-28,69.97,69.62,2.28,1.88,0.39,72.07,72.68,58.89,65.79,47803200.0,36.54,28.92,8.14
2020-07-29,70.02,69.87,2.29,1.96,0.32,75.27,72.94,59.66,66.3,53184800.0,38.07,29.04,7.71
2020-07-30,70.09,70.11,2.28,2.03,0.25,77.35,73.27,60.24,66.75,57420000.0,39.26,28.0,8.2
2020-07-31,70.11,70.13,2.22,2.07,0.16,64.9,73.41,60.96,67.18,49389600.0,39.31,25.89,11.11
2020-08-03,70.11,69.89,2.09,2.07,0.02,46.98,73.33,61.8,67.56,40765200.0,39.36,24.35,10.44
2020-08-04,70.36,70.34,2.11,2.08,0.03,70.99,73.35,62.74,68.04,49907600.0,39.84,25.93,9.56
2020-08-05,70.47,70.54,2.07,2.08,-0.0,64.75,73.4,63.45,68.43,43526000.0,40.39,25.62,9.13
2020-08-06,70.5,70.6,2.0,2.06,-0.06,59.74,73.2,64.42,68.81,38938000.0,40.59,24.54,9.72
2020-08-07,70.85,71.05,2.03,2.06,-0.03,73.09,73.37,64.95,69.16,43306800.0,41.36,27.9,8.96
2020-08-10,71.15,71.0,1.94,2.03,-0.09,54.33,73.06,65.95,69.51,36066800.0,42.08,25.93,8.32
2020-08-11,70.79,70.48,1.73,1.97,-0.24,37.39,72.78,66.61,69.7,29241600.0,40.7,23.57,14.82
2020-08-12,70.83,70.7,1.68,1.91,-0.23,56.91,72.17,67.86,70.02,35366000.0,39.66,22.98,13.49
2020-08-13,70.91,70.84,1.62,1.86,-0.23,56.3,71.95,68.49,70.22,31686000.0,38.68,22.24,13.05
2020-08-14,70.55,70.6,1.48,1.78,-0.3,44.11,71.89,68.67,70.28,26773200.0,37.03,21.1,15.43
2020-08-17,70.51,70.65,1.4,1.7,-0.3,52.34,71.81,68.97,70.39,31574400.0,35.68,21.02,14.56
2020-08-18,70.78,70.69,1.32,1.63,-0.31,52.55,71.77,69.17,70.47,36339200.0,34.45,20.38,14.03
2020-08-19,70.66,70.65,1.23,1.55,-0.32,49.33,71.78,69.21,70.5,30857600.0,33.18,19.74,14.08
2020-08-20,70.55,70.61,1.14,1.47,-0.32,48.13,71.79,69.23,70.51,27226400.0,31.6,18.9,15.15
2020-08-21,70.64,70.61,1.07,1.39,-0.32,50.11,71.8,69.27,70.54,32912000.0,30.09,18.23,14.76
2020-08-24,70.63,70.62,1.0,1.31,-0.31,51.79,71.75,69.45,70.6,36460800.0,28.63,17.49,14.43
2020-08-25,70.54,70.53,0.91,1.23,-0.32,41.34,71.75,69.49,70.62,32409200.0,26.87,16.36,15.1
2020-08-26,70.37,70.27,0.78,1.14,-0.36,28.69,71.77,69.4,70.59,27170400.0,25.0,15.58,15.82
2020-08-27,70.21,70.08,0.67,1.05,-0.38,28.13,71.79,69.3,70.54,22614800.0,23.79,14.68,17.23
2020-08-28,70.07,70.02,0.59,0.95,-0.37,36.73,71.8,69.26,70.53,27233200.0,22.66,14.07,16.51
2020-08-31,69.9,69.94,0.51,0.87,-0.36,33.86,71.76,69.34,70.55,21219600.0,21.75,18.62,15.25
2020-09-01,69.69,69.72,0.4,0.77,-0.37,22.2,71.73,69.17,70.45,15490000.0,20.93,17.08,20.99
2020-09-02,70.15,70.5,0.54,0.73,-0.19,76.76,71.95,69.05,70.5,25244400.0,21.09,27.39,17.09
2020-09-03,70.24,70.39,0.48,0.68,-0.2,47.85,71.93,69.02,70.48,17389200.0,21.47,24.74,14.39
2020-09-04,70.12,70.03,0.37,0.61,-0.25,39.85,71.72,68.98,70.35,10141600.0,20.51,21.13,17.99
2020-09-08,70.06,69.85,0.29,0.55,-0.26,42.04,71.67,68.88,70.27,17299600.0,19.62,19.82,16.88
2020-09-09,70.32,70.1,0.31,0.5,-0.19,56.85,71.68,68.98,70.33,22081200.0,19.87,24.41,15.25
2020-09-10,69.76,69.81,0.21,0.44,-0.23,40.87,71.61,68.86,70.24,17718400.0,19.3,22.82,17.98
2020-09-11,69.63,69.72,0.16,0.39,-0.23,45.24,71.5,68.81,70.16,21651200.0,18.54,21.86,18.33
2020-09-14,69.86,69.97,0.19,0.35,-0.16,57.25,71.53,68.82,70.18,25567600.0,18.67,25.86,17.12
2020-09-15,70.75,71.29,0.49,0.38,0.11,78.64,72.45,68.22,70.33,36395200.0,20.52,36.75,14.12
2020-09-16,70.65,70.89,0.41,0.38,0.03,46.35,72.41,68.19,70.3,16893600.0,20.12,31.15,23.02
2020-09-17,70.78,70.55,0.33,0.37,-0.04,45.09,72.38,68.15,70.26,7508000.0,19.29,29.81,25.18
2020-09-18,70.72,70.11,0.21,0.34,-0.13,40.78,72.36,68.04,70.2,-6878000.0,18.71,29.7,23.69
2020-09-21,70.43,69.76,0.1,0.29,-0.19,39.48,72.33,67.92,70.12,-14436800.0,17.57,28.15,26.63
2020-09-22,69.55,69.68,0.05,0.24,-0.2,45.15,72.27,67.86,70.07,-7244000.0,16.93,30.01,25.3
2020-09-23,69.2,69.23,-0.09,0.18,-0.26,34.75,72.29,67.64,69.97,-13099200.0,16.06,28.32,25.76
2020-09-24,69.1,69.28,-0.11,0.12,-0.23,48.07,72.28,67.61,69.95,-5620800.0,15.39,27.36,23.87
2020-09-25,69.35,69.67,-0.04,0.09,-0.13,58.72,72.33,67.64,69.98,-164000.0,15.1,27.6,22.0
2020-09-28,69.74,70.13,0.06,0.08,-0.02,63.76,72.43,67.65,70.04,6754400.0,15.33,30.44,21.03
2020-09-29,70.0,70.34,0.12,0.09,0.03,59.75,72.5,67.68,70.09,-339600.0,15.46,29.22,20.66
2020-09-30,70.21,70.03,0.06,0.08,-0.03,41.83,72.5,67.7,70.1,-23578000.0,15.3,24.66,32.14
2020-10-01,70.47,70.25,0.11,0.09,0.02,56.93,72.27,67.78,70.03,-13559600.0,15.01,23.99,30.09
2020-10-02,70.44,70.26,0.11,0.09,0.02,51.79,72.28,67.79,70.03,-21865600.0,14.29,24.99,27.56
2020-10-05,70.63,70.83,0.25,0.13,0.13,67.39,72.54,67.79,70.17,-15266400.0,13.35,24.87,25.48
2020-10-06,70.98,71.41,0.41,0.18,0.22,71.45,72.89,67.75,70.32,-7978000.0,12.8,26.54,23.7
2020-10-07,71.96,72.37,0.66,0.28,0.38,80.3,73.6,67.41,70.51,2152400.0,12.96,29.49,21.81
2020-10-08,72.88,73.33,0.93,0.41,0.52,83.88,74.47,67.15,70.81,7846800.0,13.58,32.16,20.73
2020-10-09,73.96,74.13,1.16,0.56,0.6,85.45,75.31,66.93,71.12,14318800.0,14.34,32.82,20.01
2020-10-12,74.85,74.89,1.39,0.72,0.67,87.68,76.18,66.65,71.41,20135200.0,15.49,35.24,18.76
2020-10-13,75.41,75.05,1.47,0.87,0.6,67.93,76.44,66.53,71.49,11538400.0,16.02,32.81,20.57
2020-10-14,75.59,75.09,1.5,1.0,0.5,64.35,76.9,66.58,71.74,6037200.0,16.46,31.21,19.89
2020-10-15,75.46,74.93,1.46,1.09,0.37,54.86,77.21,66.74,71.98,298000.0,16.32,29.54,22.1
2020-10-16,75.59,75.42,1.55,1.18,0.37,71.86,77.74,66.93,72.33,7747600.0,16.94,33.83,20.27
2020-10-19,75.29,75.24,1.49,1.24,0.25,51.37,77.92,67.33,72.63,37200.0,17.68,31.98,18.28
2020-10-20,75.26,75.24,1.45,1.29,0.17,55.17,78.13,67.7,72.91,6040400.0,18.36,30.4,17.37
2020-10-21,75.11,74.97,1.34,1.3,0.04,45.05,78.02,68.42,73.22,-1755600.0,18.21,28.13,20.29
2020-10-22,75.3,75.17,1.33,1.3,0.03,58.31,78.09,68.96,73.53,6708000.0,18.31,28.1,18.87
2020-10-23,75.18,75.37,1.32,1.31,0.01,60.39,78.23,69.36,73.79,12325200.0,18.57,28.25,18.07
2020-10-26,75.33,75.47,1.29,1.3,-0.01,58.47,78.34,69.71,74.02,6617600.0,18.0,26.54,21.45
2020-10-27,75.44,75.57,1.26,1.29,-0.03,60.24,78.38,70.16,74.27,11451800.0,17.88,27.96,20.1
2020-10-28,75.45,75.2,1.12,1.26,-0.14,37.72,77.97,71.08,74.53,3942900.0,17.21,25.78,21.77
2020-10-29,75.14,74.8,0.96,1.2,-0.24,32.54,77.67,71.72,74.69,-3810200.0,16.3,23.45,25.65
2020-10-30,74.62,74.27,0.76,1.11,-0.35,24.93,77.15,72.53,74.84,-12600700.0,15.73,21.58,25.5
2020-11-02,74.52,74.56,0.75,1.04,-0.29,55.89,76.9,73.09,75.0,-3367100.0,14.77,24.17,23.1
2020-11-03,74.57,75.05,0.8,0.99,-0.19,64.39,76.76,73.57,75.17,3520800.0,14.74,28.53,21.37
2020-11-04,74.34,74.47,0.62,0.92,-0.3,37.19,76.87,73.37,75.12,-8608000.0,14.11,25.12,28.27
2020-11-05,74.49,74.56,0.58,0.85,-0.27,50.92,76.85,73.34,75.1,36100.0,13.41,27.41,25.13
2020-11-06,74.99,74.95,0.62,0.8,-0.18,58.59,76.85,73.34,75.1,6112200.0,12.55,25.4,24.69
2020-11-09,75.06,75.14,0.63,0.77,-0.14,56.21,76.71,73.39,75.05,-6752300.0,14.37,41.53,18.63
2020-11-10,75.06,75.42,0.67,0.75,-0.08,60.76,76.79,73.38,75.08,1896900.0,16.04,38.69,17.48
2020-11-11,75.9,76.13,0.82,0.76,0.05,72.36,77.22,73.19,75.2,8800200.0,17.81,38.46,16.19
2020-11-12,76.29,76.31,0.85,0.78,0.07,59.93,77.4,73.21,75.3,2898300.0,19.33,36.2,15.84
2020-11-13,76.58,76.6,0.91,0.81,0.1,64.49,77.54,73.14,75.34,9133300.0,20.75,34.96,15.29
2020-11-16,77.03,76.98,0.99,0.84,0.15,69.2,77.91,73.06,75.49,16800900.0,22.22,34.52,14.31
2020-11-17,77.15,76.86,0.95,0.87,0.09,51.73,78.02,73.08,75.55,10934600.0,23.65,32.79,13.34
2020-11-18,76.8,76.5,0.85,0.86,-0.01,42.16,78.04,73.21,75.62,4432700.0,24.51,31.04,14.7
2020-11-19,76.49,76.05,0.7,0.83,-0.13,35.54,78.03,73.17,75.6,-2959600.0,24.63,29.75,17.4
2020-11-20,76.17,75.88,0.61,0.79,-0.17,42.7,78.01,73.16,75.59,2931400.0,24.87,29.58,16.66
2020-11-23,75.53,75.44,0.46,0.72,-0.26,32.25,78.0,73.07,75.53,-4703200.0,24.31,27.58,19.53
2020-11-24,75.2,75.29,0.36,0.65,-0.29,39.94,77.97,73.02,75.5,1996400.0,23.8,26.41,18.71
2020-11-25,75.24,75.52,0.37,0.59,-0.23,55.25,78.01,73.14,75.57,8439500.0,23.5,26.25,17.63
2020-11-27,75.24,75.39,0.3,0.53,-0.24,43.49,77.96,73.29,75.63,4770200.0,23.28,25.24,16.67
2020-11-30,74.85,74.79,0.11,0.45,-0.33,29.23,77.91,73.38,75.65,-8350100.0,22.01,23.19,20.79
2020-12-01,74.76,74.58,0.02,0.36,-0.35,38.41,77.94,73.25,75.6,-250600.0,20.93,22.11,19.24
2020-12-02,74.63,74.49,-0.05,0.28,-0.33,41.14,77.91,73.11,75.51,4878200.0,19.65,20.88,22.15
2020-12-03,74.11,74.11,-0.18,0.19,-0.36,30.88,77.91,73.11,75.51,-2782300.0,18.32,20.38,20.84
2020-12-04,73.58,73.58,-0.34,0.08,-0.42,24.33,78.12,72.69,75.4,-10546100.0,17.79,19.1,23.75
2020-12-07,73.52,73.48,-0.4,-0.01,-0.39,38.96,78.14,72.41,75.28,-3793900.0,17.11,19.0,22.44
2020-12-08,73.43,73.54,-0.42,-0.09,-0.32,46.08,78.13,72.24,75.19,4461500.0,16.1,19.35,20.54
2020-12-09,73.3,73.59,-0.42,-0.16,-0.26,45.92,78.06,72.08,75.07,-2222200.0,15.16,18.23,19.35
2020-12-10,73.28,73.48,-0.45,-0.22,-0.24,39.15,77.72,72.0,74.86,-8426800.0,14.12,18.26,18.47
2020-12-11,73.54,73.59,-0.43,-0.26,-0.17,51.15,77.48,71.94,74.71,-2404300.0,13.15,17.57,17.78
2020-12-14,73.6,73.58,-0.43,-0.29,-0.13,45.73,77.1,71.97,74.53,-8164200.0,13.23,21.92,16.48
2020-12-15,73.84,74.02,-0.31,-0.3,-0.02,68.46,76.5,72.28,74.39,-1304800.0,13.09,20.08,15.98
2020-12-16,74.0,74.16,-0.26,-0.29,0.03,57.97,76.13,72.43,74.28,-9092500.0,13.31,20.67,14.94
2020-12-17,74.35,74.46,-0.16,-0.26,0.1,66.45,76.0,72.49,74.25,291700.0,13.71,20.43,13.94
2020-12-18,74.49,74.48,-0.13,-0.24,0.11,54.3,75.93,72.5,74.21,-13006600.0,13.16,19.03,16.85
2020-12-21,74.66,74.45,-0.11,-0.21,0.1,51.93,75.76,72.55,74.16,-20258000.0,12.68,17.69,20.11
2020-12-22,74.62,74.54,-0.07,-0.18,0.12,58.34,75.78,72.55,74.16,-14922700.0,11.89,19.58,18.94
2020-12-23,74.6,74.47,-0.07,-0.16,0.09,48.44,75.71,72.56,74.13,-19549100.0,11.43,19.94,17.92
2020-12-24,74.59,74.64,-0.01,-0.13,0.12,62.17,75.47,72.69,74.08,-18161600.0,10.83,19.04,17.88
2020-12-28,74.78,74.92,0.07,-0.09,0.16,70.0,75.55,72.65,74.1,-14407900.0,10.88,21.59,17.13
2020-12-29,74.97,75.06,0.12,-0.05,0.17,64.74,75.71,72.66,74.19,-18182800.0,10.93,20.8,16.51
2020-12-30,75.21,75.34,0.21,0.0,0.21,73.7,75.98,72.57,74.28,-14378000.0,11.31,21.85,15.73
2020-12-31,75.77,75.94,0.37,0.08,0.29,84.33,76.53,72.3,74.42,-10258600.0,12.35,24.69,14.54
2021-01-04,75.62,75.37,0.26,0.12,0.15,38.44,76.52,72.4,74.46,-19647000.0,11.6,20.44,21.18
2021-01-05,75.48,75.17,0.22,0.14,0.08,45.41,76.43,72.71,74.57,-12307200.0,10.9,19.41,20.11
2021-01-06,76.1,76.26,0.47,0.2,0.27,71.89,77.24,72.42,74.83,-151500.0,12.46,32.46,16.45
2021-01-07,76.77,77.27,0.73,0.31,0.43,75.39,78.15,72.07,75.11,8664500.0,14.39,34.67,15.02
2021-01-08,77.57,78.56,1.08,0.46,0.62,81.55,79.42,71.55,75.48,17040700.0,16.38,34.22,13.9
2021-01-11,78.66,78.93,1.22,0.61,0.61,65.52,80.01,71.6,75.81,9976400.0,17.83,31.39,14.55
2021-01-12,79.66,79.21,1.32,0.76,0.57,65.87,80.53,71.67,76.1,17645700.0,18.81,28.98,15.08
2021-01-13,80.34,80.08,1.55,0.92,0.64,76.32,81.44,71.6,76.52,26188300.0,20.38,32.59,13.68
2021-01-14,80.99,80.9,1.77,1.09,0.69,78.97,82.41,71.39,76.9,35087300.0,22.02,32.52,12.86
2021-01-15,81.17,81.28,1.89,1.25,0.64,71.82,83.09,71.46,77.28,24525700.0,23.72,32.88,12.21
2021-01-19,81.79,81.79,2.01,1.4,0.61,76.08,83.86,71.47,77.67,32668400.0,25.13,31.03,12.26
2021-01-20,82.65,82.54,2.19,1.56,0.63,81.65,84.75,71.54,78.14,41245200.0,27.04,34.9,11.05
2021-01-21,83.03,82.93,2.28,1.7,0.57,75.61,85.4,71.81,78.61,31976600.0,28.82,33.4,10.57
2021-01-22,83.36,83.36,2.36,1.83,0.52,78.53,86.05,72.12,79.08,38348400.0,30.36,32.05,10.55
2021-01-25,84.33,84.53,2.61,1.99,0.62,88.05,87.09,72.33,79.71,51564000.0,32.66,39.55,9.12
2021-01-26,84.81,84.76,2.64,2.12,0.52,65.63,87.64,72.8,80.22,39087100.0,34.79,35.89,8.28
2021-01-27,84.04,83.24,2.24,2.14,0.09,33.18,87.56,73.36,80.46,22193800.0,33.11,29.35,23.44
2021-01-28,83.79,82.98,2.07,2.13,-0.05,47.73,87.55,74.07,80.81,30735100.0,31.54,25.9,20.69
2021-01-29,83.12,82.28,1.8,2.06,-0.27,40.09,87.42,74.71,81.06,17545400.0,30.09,24.11,19.26
2021-02-01,82.09,82.08,1.63,1.97,-0.35,45.75,87.39,75.19,81.29,23134900.0,29.05,24.5,17.89
2021-02-02,81.63,82.37,1.57,1.89,-0.32,53.84,86.92,76.53,81.72,29780300.0,28.66,26.49,16.38
2021-02-03,82.2,82.59,1.52,1.82,-0.3,54.67,86.26,78.02,82.14,35751500.0,28.3,25.67,15.88
2021-02-04,82.31,82.73,1.46,1.75,-0.29,54.16,86.13,78.61,82.37,29353100.0,27.72,24.84,16.49
2021-02-05,82.86,83.02,1.44,1.69,-0.24,59.73,86.1,79.07,82.58,35098900.0,27.64,26.92,15.62
2021-02-08,83.2,83.15,1.4,1.63,-0.23,56.85,86.17,79.23,82.7,28306600.0,27.64,26.05,14.76
2021-02-09,83.38,83.37,1.38,1.58,-0.2,61.8,86.11,79.69,82.9,33315500.0,27.53,24.8,14.51
2021-02-10,83.55,83.55,1.36,1.53,-0.18,62.79,86.0,80.22,83.11,39516300.0,27.74,25.65,13.71
2021-02-11,83.74,83.69,1.33,1.49,-0.17,63.38,86.07,80.37,83.22,43933500.0,27.92,24.53,13.11
2021-02-12,83.64,83.5,1.22,1.44,-0.22,44.98,86.08,80.41,83.25,38146300.0,27.2,23.11,16.1
2021-02-16,83.2,82.73,0.97,1.34,-0.37,24.2,86.13,80.28,83.2,29833700.0,25.33,20.92,20.54
2021-02-17,82.57,82.05,0.72,1.22,-0.5,21.01,86.22,79.97,83.1,21235400.0,24.28,19.71,24.42
2021-02-18,81.94,81.61,0.52,1.08,-0.56,22.27,86.19,79.68,82.93,26614300.0,23.13,19.68,23.17
2021-02-19,80.77,80.44,0.15,0.9,-0.74,10.89,86.5,78.8,82.65,16953400.0,23.11,17.68,28.11
2021-02-22,79.16,78.66,-0.38,0.64,-1.02,6.3,87.19,77.2,82.2,3763100.0,24.33,15.5,36.43
2021-02-23,77.86,77.34,-0.82,0.35,-1.17,5.89,87.09,76.08,81.59,-8955900.0,25.82,14.53,38.48
2021-02-24,76.48,76.15,-1.24,0.03,-1.27,4.93,87.23,74.8,81.01,-21258100.0,27.2,13.72,36.32
2021-02-25,75.15,75.45,-1.52,-0.28,-1.24,10.69,87.62,73.8,80.71,-9511000.0,28.66,12.91,36.42
2021-02-26,74.22,74.79,-1.78,-0.58,-1.2,9.32,87.79,72.72,80.26,-22094200.0,29.1,16.32,33.69
2021-03-01,74.38,75.17,-1.76,-0.82,-0.94,45.66,87.77,72.25,80.01,-9821600.0,28.59,19.02,29.75
2021-03-02,74.55,75.29,-1.76,-1.0,-0.75,42.42,87.66,71.75,79.7,-18560100.0,28.12,18.09,28.29
2021-03-03,74.3,74.37,-1.98,-1.2,-0.78,24.62,87.57,70.79,79.18,-30309000.0,28.88,15.8,35.77
2021-03-04,73.75,73.34,-2.22,-1.4,-0.82,20.29,87.46,69.73,78.59,-42307700.0,30.01,14.49,37.98
2021-03-05,73.19,72.46,-2.44,-1.61,-0.83,18.35,87.23,68.73,77.98,-57817600.0,31.56,12.84,40.35
2021-03-08,72.18,71.93,-2.57,-1.8,-0.76,20.91,86.71,67.97,77.34,-45338200.0,32.71,13.46,37.96
2021-03-09,71.88,72.62,-2.38,-1.92,-0.47,55.41,85.92,67.83,76.87,-35974500.0,32.41,18.7,33.59
2021-03-10,72.27,73.24,-2.18,-1.97,-0.21,58.56,84.91,67.9,76.4,-27727300.0,32.11,17.63,31.51
2021-03-11,72.98,73.78,-1.96,-1.97,0.01,61.64,83.75,68.16,75.95,-21124800.0,31.37,19.57,30.43
2021-03-12,73.97,74.41,-1.71,-1.92,0.21,67.71,82.42,68.66,75.54,-15011700.0,30.42,19.81,28.53
2021-03-15,74.91,74.78,-1.5,-1.83,0.33,65.31,81.09,69.22,75.16,-22140900.0,29.42,19.7,27.43
2021-03-16,75.18,74.98,-1.33,-1.73,0.4,62.73,80.12,69.61,74.87,-28653600.0,28.41,19.34,26.3
2021-03-17,74.88,74.31,-1.37,-1.66,0.29,33.81,79.06,69.9,74.48,-38996900.0,28.42,17.68,31.79
2021-03-18,74.13,73.25,-1.54,-1.64,0.1,23.55,77.81,70.2,74.0,-53195700.0,29.22,16.09,37.26
2021-03-19,73.17,72.44,-1.68,-1.64,-0.03,22.21,77.19,70.09,73.64,-76002400.0,30.03,14.75,34.84
2021-03-22,72.4,72.19,-1.69,-1.65,-0.04,35.6,77.05,69.89,73.47,-65944700.0,30.77,13.94,32.93
2021-03-23,72.13,72.8,-1.5,-1.62,0.12,59.48,76.98,69.89,73.43,-55220900.0,30.23,18.73,30.03
2021-03-24,72.1,72.81,-1.43,-1.59,0.15,48.09,76.94,69.84,73.39,-69758300.0,29.73,17.73,28.44
2021-03-25,72.57,73.02,-1.31,-1.53,0.22,53.85,76.89,69.82,73.36,-62934700.0,29.21,17.21,27.22
2021-03-26,73.21,73.37,-1.15,-1.46,0.3,59.38,76.94,69.84,73.39,-52828700.0,28.46,17.71,25.81
2021-03-29,73.83,73.85,-0.96,-1.36,0.4,65.64,76.75,69.91,73.33,-44184200.0,27.04,20.55,24.44
2021-03-30,73.87,73.97,-0.84,-1.25,0.41,57.04,76.56,69.97,73.26,-50148800.0,25.73,19.75,23.49
2021-03-31,74.43,74.52,-0.62,-1.13,0.5,69.15,76.85,69.99,73.42,-40718300.0,24.14,23.59,22.0
2021-04-01,74.89,74.93,-0.44,-0.99,0.55,70.35,77.07,70.21,73.64,-34169400.0,22.92,24.37,21.15
2021-04-05,75.44,75.55,-0.21,-0.83,0.63,77.32,77.36,70.53,73.95,-26841000.0,22.39,27.03,19.75
2021-04-06,75.99,76.22,0.04,-0.66,0.7,81.52,77.73,70.83,74.28,-20270500.0,21.5,25.16,20.66
2021-04-07,76.63,76.62,0.22,-0.48,0.7,78.05,78.16,70.75,74.45,-27032100.0,20.84,25.11,19.62
2021-04-08,77.06,77.0,0.39,-0.31,0.7,80.47,78.59,70.64,74.62,-19577500.0,20.43,25.51,18.82
2021-04-09,77.49,77.31,0.53,-0.14,0.67,81.77,79.0,70.54,74.77,-14607900.0,20.05,24.9,18.37
2021-04-12,77.66,77.42,0.61,0.01,0.6,71.84,79.27,70.47,74.87,-20660800.0,19.35,23.72,19.3
2021-04-13,77.96,77.96,0.78,0.16,0.61,83.52,79.8,70.29,75.04,-14341800.0,19.28,25.66,17.67
2021-04-14,78.3,78.35,0.91,0.31,0.59,84.05,80.31,70.15,75.23,-9863600.0,19.24,24.81,16.99
2021-04-15,78.79,78.96,1.08,0.47,0.62,89.15,80.99,70.19,75.59,-4851200.0,19.83,28.14,16.03
2021-04-16,79.39,79.62,1.27,0.63,0.64,91.58,81.55,70.61,76.08,10272900.0,20.95,31.81,15.11
2021-04-19,79.82,79.68,1.31,0.76,0.54,64.29,81.67,71.4,76.53,2614700.0,21.39,29.26,16.79
2021-04-20,80.11,79.96,1.38,0.89,0.5,71.2,81.88,72.06,76.97,9806800.0,21.8,27.46,15.75
2021-04-21,79.88,79.3,1.22,0.95,0.27,38.78,81.9,72.44,77.17,1241700.0,20.51,23.39,21.66
2021-04-22,79.51,78.97,1.11,0.98,0.12,43.2,81.76,73.13,77.45,9503400.0,19.32,22.04,20.42
2021-04-23,78.97,78.73,1.0,0.99,0.01,42.32,81.6,73.77,77.68,3468500.0,18.06,21.26,20.54
2021-04-26,78.6,78.46,0.88,0.97,-0.09,38.55,81.42,74.34,77.88,-3956600.0,16.89,20.21,20.86
2021-04-27,77.95,78.07,0.72,0.92,-0.19,31.25,81.27,74.74,78.0,-9828500.0,16.16,19.2,21.97
2021-04-28,77.77,77.74,0.58,0.85,-0.27,29.22,80.95,75.34,78.15,-15350700.0,15.84,18.43,23.28
2021-04-29,77.55,77.57,0.47,0.77,-0.3,32.94,80.82,75.63,78.23,-9792000.0,15.23,19.0,22.0
2021-04-30,77.41,77.55,0.4,0.7,-0.3,41.5,80.68,75.95,78.31,-1767400.0,14.66,18.09,20.94
2021-05-03,77.16,77.27,0.28,0.61,-0.34,28.71,80.69,75.93,78.31,-7843400.0,13.78,18.51,19.39
2021-05-04,76.84,76.74,0.1,0.51,-0.41,19.39,80.84,75.59,78.22,-17021700.0,14.37,16.75,26.19
2021-05-05,76.18,75.75,-0.2,0.37,-0.57,10.97,81.28,74.79,78.03,-27664900.0,15.71,14.79,29.49
2021-05-06,75.54,75.17,-0.41,0.21,-0.62,16.43,81.54,74.15,77.85,-20595700.0,17.01,14.16,28.67
2021-05-07,74.94,74.96,-0.53,0.07,-0.59,28.78,81.64,73.71,77.68,-14918300.0,16.79,19.96,26.45
2021-05-10,74.56,74.91,-0.59,-0.07,-0.53,35.01,81.69,73.38,77.53,-8707900.0,16.75,18.56,25.75
2021-05-11,74.24,74.63,-0.69,-0.19,-0.5,27.02,81.64,72.93,77.29,-19223000.0,17.64,16.74,30.53
2021-05-12,73.79,73.6,-0.97,-0.35,-0.62,13.59,81.84,71.97,76.91,-28316200.0,19.03,14.83,32.33
2021-05-13,73.51,73.28,-1.09,-0.49,-0.59,31.84,81.56,71.5,76.53,-22846900.0,20.32,13.77,30.03
2021-05-14,73.23,73.22,-1.13,-0.62,-0.5,39.07,80.94,71.33,76.14,-17400700.0,21.0,15.46,28.63
2021-05-17,72.65,72.78,-1.24,-0.74,-0.5,29.37,80.58,70.91,75.74,-27770000.0,22.18,14.43,31.68
2021-05-18,72.3,72.62,-1.29,-0.85,-0.43,35.74,79.86,70.8,75.33,-19574900.0,23.46,13.5,31.64
2021-05-19,72.52,72.63,-1.28,-0.94,-0.34,41.96,79.57,70.56,75.07,-11088300.0,24.69,12.55,29.78
2021-05-20,72.85,73.18,-1.13,-0.98,-0.15,62.12,79.12,70.61,74.86,-289800.0,23.88,20.61,26.95
2021-05-21,73.12,73.6,-0.98,-0.98,-0.01,63.57,78.64,70.71,74.67,8399500.0,22.75,21.61,25.39
2021-05-24,73.54,73.75,-0.89,-0.96,0.07,56.2,78.16,70.8,74.48,1652600.0,21.75,20.64,24.57
2021-05-25,73.76,73.62,-0.86,-0.94,0.08,45.56,77.76,70.81,74.28,-5788000.0,21.33,19.76,27.26
2021-05-26,73.92,73.57,-0.82,-0.92,0.09,47.44,77.34,70.87,74.1,1620800.0,21.02,19.0,26.72
2021-05-27,73.66,73.38,-0.82,-0.9,0.08,39.43,76.82,70.96,73.89,-9335300.0,20.89,18.02,26.62
2021-05-28,73.42,73.33,-0.79,-0.88,0.09,44.88,76.1,71.25,73.68,-157800.0,20.36,19.04,24.93
2021-06-01,73.04,72.92,-0.85,-0.87,0.02,28.72,75.53,71.37,73.45,-9213900.0,20.64,17.7,29.13
2021-06-02,72.9,72.85,-0.83,-0.86,0.03,42.58,75.13,71.47,73.3,-2792900.0,21.05,16.46,28.23
2021-06-03,72.68,72.69,-0.84,-0.86,0.02,37.35,75.09,71.37,73.23,-11664400.0,21.43,15.62,26.79
2021-06-04,72.55,72.57,-0.84,-0.86,0.02,36.85,75.01,71.28,73.15,-18250700.0,21.78,15.08,25.86
2021-06-07,72.4,72.54,-0.82,-0.85,0.03,41.11,74.81,71.27,73.04,-12262200.0,22.21,14.36,25.48
2021-06-08,72.41,72.41,-0.82,-0.84,0.02,33.86,74.52,71.3,72.91,-18065200.0,22.92,13.24,25.72
2021-06-09,72.35,72.42,-0.79,-0.83,0.05,45.21,74.36,71.3,72.83,-11404800.0,23.57,12.6,24.5
2021-06-10,72.58,72.78,-0.67,-0.8,0.13,68.4,74.37,71.49,72.93,-3201500.0,23.25,15.32,22.57
2021-06-11,72.81,73.02,-0.57,-0.75,0.19,67.72,74.42,71.52,72.97,-7749900.0,22.89,15.0,21.66
2021-06-14,72.98,73.12,-0.49,-0.7,0.2,60.94,74.44,71.52,72.98,-12741800.0,22.08,16.22,20.48
2021-06-15,73.24,73.22,-0.42,-0.64,0.22,63.95,74.44,71.67,73.06,-4971500.0,21.15,16.03,19.23
2021-06-16,73.41,73.25,-0.37,-0.59,0.22,57.91,74.45,71.77,73.11,-14617700.0,19.68,17.72,17.53
2021-06-17,73.62,73.69,-0.23,-0.52,0.29,80.53,74.67,71.73,73.2,-4063900.0,18.77,17.91,15.58
2021-06-18,73.58,73.55,-0.22,-0.46,0.24,47.87,74.53,71.77,73.15,-21602900.0,17.93,16.05,13.96
2021-06-21,73.78,73.81,-0.12,-0.39,0.27,63.01,74.51,71.78,73.15,-15103200.0,16.72,14.41,14.72
2021-06-22,73.92,73.91,-0.06,-0.33,0.26,58.56,74.52,71.78,73.15,-20616300.0,15.74,15.05,14.19
2021-06-23,73.93,73.72,-0.08,-0.28,0.2,44.86,74.52,71.78,73.15,-26696000.0,15.72,13.97,19.08
2021-06-24,73.59,73.44,-0.12,-0.24,0.12,37.99,74.49,71.75,73.12,-34621200.0,16.13,13.18,20.37
2021-06-25,73.71,73.58,-0.08,-0.21,0.13,55.68,74.57,71.76,73.16,-27944400.0,15.96,14.48,19.12
2021-06-28,73.87,74.1,0.06,-0.16,0.22,69.84,74.91,71.61,73.26,-19500100.0,15.91,23.21,17.04
2021-06-29,73.86,74.1,0.08,-0.11,0.19,52.46,74.96,71.76,73.36,-25977500.0,15.21,21.19,18.78
2021-06-30,73.85,73.82,0.03,-0.08,0.11,42.57,74.96,71.81,73.39,-34650100.0,14.61,19.59,22.48
2021-07-01,74.11,73.95,0.07,-0.05,0.12,54.71,75.01,71.94,73.48,-28227100.0,14.06,18.13,20.81
2021-07-02,74.2,74.06,0.1,-0.02,0.12,55.87,75.06,72.09,73.57,-23944800.0,13.55,17.41,19.98
2021-07-06,74.19,74.41,0.19,0.02,0.17,66.07,75.25,72.17,73.71,-16987600.0,12.88,20.37,18.73
2021-07-07,74.44,74.72,0.28,0.07,0.21,68.23,75.38,72.35,73.87,-11325800.0,12.69,22.0,17.91
2021-07-08,74.81,74.86,0.33,0.12,0.2,63.2,75.47,72.53,74.0,-17207200.0,12.03,20.03,18.72
2021-07-09,74.97,74.9,0.35,0.17,0.18,59.37,75.58,72.57,74.07,-22800000.0,11.25,18.74,18.3
2021-07-12,75.13,74.96,0.37,0.21,0.16,61.46,75.7,72.61,74.15,-17056500.0,10.61,17.95,17.15
2021-07-13,75.08,74.93,0.37,0.24,0.13,53.55,75.76,72.71,74.23,-22222000.0,10.33,18.34,16.03
2021-07-14,75.15,75.19,0.43,0.28,0.15,70.74,75.95,72.74,74.34,-15265900.0,10.53,19.07,14.65
2021-07-15,75.49,75.73,0.56,0.33,0.22,81.9,76.38,72.66,74.52,-7627700.0,11.42,21.21,13.28
2021-07-16,76.08,76.46,0.74,0.42,0.33,87.67,77.07,72.31,74.69,1460300.0,13.36,27.44,12.18
2021-07-19,76.46,76.64,0.8,0.49,0.31,65.57,77.36,72.39,74.87,-8431500.0,14.05,24.11,15.07
2021-07-20,76.92,76.81,0.86,0.57,0.29,67.55,77.68,72.35,75.02,-1869500.0,14.69,23.03,14.4
2021-07-21,76.96,76.5,0.78,0.61,0.18,44.59,77.76,72.45,75.1,-10801400.0,14.08,21.25,18.82
2021-07-22,76.82,76.38,0.74,0.64,0.1,48.65,77.8,72.68,75.24,-5266600.0,13.51,20.36,18.03
2021-07-23,76.67,76.65,0.78,0.66,0.12,63.63,77.91,73.0,75.46,-313100.0,13.67,22.82,16.58
2021-07-26,76.66,76.74,0.78,0.69,0.09,57.96,78.03,73.19,75.61,-6327100.0,13.83,21.86,15.88
2021-07-27,76.79,77.11,0.85,0.72,0.13,69.21,78.34,73.15,75.75,1265000.0,14.67,24.18,14.29
2021-07-28,77.19,77.36,0.89,0.75,0.14,68.96,78.57,73.3,75.93,-3912500.0,15.73,24.62,13.42
2021-07-29,77.6,77.62,0.94,0.79,0.15,72.68,78.68,73.68,76.18,229400.0,16.76,23.94,12.84
2021-07-30,77.74,77.72,0.95,0.82,0.12,64.58,78.8,73.93,76.36,-5259500.0,18.06,24.98,12.03
2021-08-02,78.12,78.08,1.01,0.86,0.15,76.19,79.05,74.13,76.59,2261200.0,19.32,23.88,11.33
2021-08-03,78.43,78.53,1.1,0.91,0.19,81.32,79.46,74.15,76.81,8510600.0,21.13,27.2,10.38
2021-08-04,78.83,78.97,1.2,0.97,0.23,84.42,79.91,74.15,77.03,16560800.0,22.91,26.15,9.66
2021-08-05,79.3,79.48,1.3,1.03,0.27,87.88,80.41,74.19,77.3,22844500.0,24.93,28.07,9.06
2021-08-06,79.84,79.86,1.38,1.1,0.28,88.5,80.82,74.35,77.58,27478800.0,27.02,28.75,8.56
2021-08-09,80.19,80.09,1.43,1.17,0.26,86.21,81.13,74.58,77.85,21857200.0,29.03,27.84,8.05
2021-08-10,80.41,80.24,1.44,1.22,0.22,84.57,81.3,74.97,78.14,17350400.0,30.89,26.8,7.75
2021-08-11,80.91,80.95,1.58,1.3,0.29,93.72,81.93,75.01,78.47,26769700.0,33.69,36.92,6.51
2021-08-12,81.41,81.63,1.73,1.38,0.35,94.99,82.67,74.89,78.78,33532500.0,36.28,34.27,6.04
2021-08-13,81.98,82.24,1.86,1.48,0.38,95.76,83.42,74.69,79.06,37532000.0,38.82,35.26,5.79
2021-08-16,82.66,82.81,1.98,1.58,0.4,96.5,84.15,74.66,79.41,46111700.0,41.41,37.7,5.37
2021-08-17,83.35,83.19,2.05,1.67,0.38,96.52,84.76,74.73,79.74,51368700.0,43.76,35.77,5.27
2021-08-18,83.76,83.6,2.12,1.76,0.36,97.22,85.25,75.09,80.17,60880400.0,46.18,39.17,4.94
2021-08-19,84.07,83.92,2.16,1.84,0.32,97.4,85.66,75.53,80.59,67848400.0,48.45,37.27,4.59
2021-08-20,84.63,84.71,2.3,1.93,0.37,98.76,86.43,75.66,81.05,75438100.0,50.83,39.64,3.99
2021-08-23,84.72,84.6,2.24,1.99,0.25,57.69,86.64,76.2,81.42,66601000.0,53.02,34.94,3.56
2021-08-24,84.76,84.45,2.15,2.02,0.12,53.82,86.82,76.65,81.74,60814900.0,54.01,32.96,6.55
2021-08-25,84.78,84.48,2.08,2.04,0.04,58.98,86.96,77.18,82.07,66744900.0,55.05,32.73,6.1
2021-08-26,84.63,84.25,1.94,2.02,-0.07,46.89,86.95,77.75,82.35,61450900.0,56.02,31.2,5.81
2021-08-27,84.06,83.97,1.79,1.97,-0.19,41.05,86.76,78.49,82.63,55476700.0,56.31,29.71,7.39
2021-08-30,83.97,83.97,1.68,1.91,-0.23,51.29,86.66,79.11,82.88,61478400.0,56.01,27.64,8.73
2021-08-31,83.94,83.97,1.59,1.85,-0.26,52.06,86.56,79.66,83.11,68322400.0,55.83,27.26,8.26
2021-09-01,84.1,84.43,1.6,1.8,-0.2,71.26,86.63,80.15,83.39,74184700.0,56.28,31.91,7.45
2021-09-02,84.63,85.11,1.69,1.78,-0.09,79.8,86.91,80.47,83.69,79398700.0,56.97,34.02,6.96
2021-09-03,85.09,85.31,1.67,1.75,-0.09,63.46,86.94,80.94,83.94,74777600.0,57.55,31.91,6.75
2021-09-07,85.31,85.21,1.58,1.72,-0.14,52.29,86.77,81.56,84.16,67986300.0,56.61,29.7,11.44
2021-09-08,85.8,85.62,1.61,1.7,-0.09,67.55,86.65,82.26,84.46,74216400.0,56.45,34.18,10.1
2021-09-09,85.9,85.69,1.57,1.67,-0.1,57.73,86.68,82.58,84.63,70108100.0,56.3,32.45,9.59
2021-09-10,85.59,85.44,1.44,1.63,-0.18,45.25,86.64,82.82,84.73,64600100.0,54.63,30.01,15.17
2021-09-13,85.36,85.15,1.3,1.56,-0.26,40.99,86.61,82.97,84.79,58101300.0,52.82,27.5,15.04
2021-09-14,85.29,84.98,1.18,1.49,-0.31,42.16,86.6,83.04,84.82,62759500.0,51.14,26.36,14.42
2021-09-15,84.92,84.86,1.07,1.4,-0.33,41.65,86.59,83.11,84.85,57052500.0,49.08,24.75,15.74
2021-09-16,84.55,84.57,0.92,1.31,-0.39,31.79,86.6,83.06,84.83,51671900.0,46.66,22.93,16.83
2021-09-17,83.89,83.59,0.61,1.17,-0.56,14.82,86.94,82.43,84.69,36281500.0,44.24,19.96,25.8
2021-09-20,83.32,82.96,0.36,1.0,-0.65,16.01,86.94,81.98,84.46,45275600.0,42.62,18.03,27.88
2021-09-21,82.77,82.61,0.18,0.84,-0.66,22.24,87.05,81.62,84.33,51726300.0,40.78,18.6,26.18
2021-09-22,82.23,82.38,0.03,0.68,-0.65,22.06,87.14,81.3,84.22,46064100.0,39.2,17.3,25.19
2021-09-23,81.68,82.01,-0.13,0.51,-0.65,16.78,87.24,80.88,84.06,39649800.0,38.03,16.17,25.81
2021-09-24,81.5,81.57,-0.31,0.35,-0.66,13.2,87.4,80.4,83.9,33536000.0,37.4,15.12,27.55
2021-09-27,80.91,80.63,-0.59,0.16,-0.76,6.92,87.83,79.51,83.67,24935100.0,37.85,13.41,34.22
2021-09-28,79.98,79.51,-0.93,-0.06,-0.87,4.75,88.34,78.33,83.34,15677700.0,38.87,12.25,38.88
2021-09-29,79.27,79.13,-1.1,-0.27,-0.83,25.82,88.49,77.61,83.05,23173800.0,39.33,13.34,35.54
2021-09-30,78.72,78.92,-1.2,-0.45,-0.75,28.91,88.39,77.04,82.71,33360600.0,39.36,14.21,32.93
2021-10-01,78.42,79.02,-1.22,-0.61,-0.61,41.33,87.94,76.76,82.35,41321700.0,39.19,14.0,30.43
2021-10-04,78.54,79.13,-1.2,-0.72,-0.48,43.99,87.55,76.52,82.03,47349500.0,38.67,14.65,28.34
2021-10-05,78.98,79.25,-1.17,-0.81,-0.35,46.42,87.2,76.31,81.76,52784100.0,38.18,14.05,27.19
2021-10-06,79.55,79.89,-0.99,-0.85,-0.14,69.68,86.5,76.49,81.49,59660300.0,36.28,18.87,23.79
2021-10-07,80.03,80.23,-0.86,-0.85,-0.01,64.34,85.84,76.66,81.25,53907100.0,33.95,23.43,21.77
2021-10-08,80.23,80.23,-0.81,-0.84,0.04,51.0,85.29,76.73,81.01,50314200.0,31.75,22.44,23.93
2021-10-11,79.92,79.43,-0.94,-0.86,-0.08,27.29,84.84,76.5,80.67,41515500.0,31.18,19.89,32.28
2021-10-12,79.8,79.24,-0.96,-0.88,-0.08,42.01,84.2,76.57,80.38,49306700.0,30.74,18.42,30.68
2021-10-13,79.6,79.56,-0.85,-0.88,0.02,56.11,83.45,76.88,80.16,55566800.0,29.38,22.3,28.22
2021-10-14,79.71,80.19,-0.66,-0.83,0.17,66.05,82.88,77.19,80.04,62052800.0,27.45,27.36,26.1
2021-10-15,80.0,80.68,-0.49,-0.76,0.28,67.56,82.89,77.19,80.04,76687000.0,26.02,28.54,24.6
2021-10-18,80.64,80.79,-0.4,-0.69,0.29,57.21,82.79,77.22,80.0,71744900.0,24.39,27.31,25.62
2021-10-19,81.27,81.2,-0.24,-0.6,0.36,66.9,82.81,77.21,80.01,77462400.0,23.18,28.15,24.2
2021-10-20,82.01,82.11,0.04,-0.47,0.51,78.15,83.3,76.92,80.11,84405000.0,23.38,36.21,21.3
2021-10-21,82.48,82.67,0.24,-0.33,0.57,76.26,83.78,76.69,80.24,79460000.0,23.58,34.74,20.32
2021-10-22,83.03,83.26,0.45,-0.17,0.63,79.66,84.41,76.44,80.42,84192400.0,23.77,33.31,19.48
2021-10-25,83.69,83.6,0.6,-0.02,0.62,76.73,84.94,76.46,80.7,80205100.0,24.05,32.95,18.63
2021-10-26,84.38,84.22,0.8,0.15,0.66,83.58,85.53,76.69,81.11,87174200.0,25.0,36.89,16.83
2021-10-27,84.6,84.49,0.92,0.3,0.62,73.1,85.98,76.9,81.44,82817300.0,25.91,34.4,15.54
2021-10-28,85.12,85.13,1.11,0.46,0.65,81.83,86.66,77.02,81.84,89385700.0,26.82,32.19,14.24
2021-10-29,85.3,85.2,1.16,0.6,0.56,62.29,87.03,77.25,82.14,81593100.0,27.67,29.86,13.21
2021-11-01,85.56,85.33,1.2,0.72,0.48,64.8,87.39,77.52,82.45,86728300.0,28.44,28.56,12.69
2021-11-02,85.55,85.36,1.21,0.82,0.39,61.46,87.65,77.85,82.75,79461900.0,28.52,26.03,14.15
2021-11-03,85.6,85.32,1.19,0.89,0.3,57.54,87.91,78.0,82.95,73738700.0,28.42,24.08,13.81
2021-11-04,85.27,85.13,1.12,0.94,0.18,47.44,88.07,78.22,83.15,67144700.0,27.17,21.61,17.34
2021-11-05,85.31,85.27,1.12,0.98,0.14,61.12,88.25,78.58,83.41,72030100.0,26.26,21.7,16.22
2021-11-08,85.11,85.04,1.03,0.99,0.04,43.75,87.87,79.63,83.75,66639100.0,25.13,20.13,16.35
2021-11-09,85.01,85.01,0.97,0.98,-0.01,50.32,87.54,80.57,84.05,70556700.0,24.07,19.34,15.71
2021-11-10,85.0,85.07,0.94,0.97,-0.04,55.18,87.33,81.28,84.3,75749400.0,23.28,19.51,15.04
2021-11-11,85.13,85.17,0.91,0.96,-0.05,58.5,87.26,81.74,84.5,81119600.0,22.66,19.25,14.33
2021-11-12,85.28,85.55,0.96,0.96,-0.0,72.55,87.27,82.19,84.73,87586700.0,23.07,23.55,13.14
2021-11-15,85.83,86.15,1.07,0.98,0.08,81.25,87.19,82.9,85.05,93129700.0,23.91,25.78,12.44
2021-11-16,86.24,86.42,1.11,1.01,0.1,71.37,87.11,83.49,85.3,87632500.0,24.74,25.12,11.95
2021-11-17,86.76,86.88,1.2,1.05,0.15,78.6,87.49,83.49,85.49,93835600.0,25.82,25.6,11.02
2021-11-18,87.2,87.12,1.23,1.08,0.15,73.39,87.72,83.64,85.68,88298200.0,26.82,24.15,10.4
2021-11-19,87.6,87.52,1.31,1.13,0.18,79.94,88.13,83.62,85.87,95063300.0,28.33,26.8,9.41
2021-11-22,87.61,87.46,1.27,1.16,0.12,56.62,88.25,83.81,86.03,89848800.0,29.74,25.25,8.86
2021-11-23,87.67,87.41,1.23,1.17,0.06,55.55,88.39,83.85,86.12,82440800.0,29.8,23.42,12.45
2021-11-24,87.56,87.34,1.17,1.17,-0.0,53.05,88.49,83.97,86.23,77886900.0,29.38,22.02,13.52
2021-11-26,87.26,86.93,1.02,1.14,-0.12,32.55,88.47,83.96,86.21,73546200.0,28.54,20.17,14.13
2021-11-29,87.33,87.5,1.1,1.13,-0.03,68.01,88.83,83.92,86.38,82258700.0,28.91,24.58,12.17
2021-11-30,87.21,87.26,1.0,1.11,-0.11,45.93,88.87,84.01,86.44,65930400.0,29.08,21.68,11.34
2021-12-01,87.32,87.46,0.99,1.09,-0.09,56.0,89.02,84.1,86.56,75993200.0,29.73,22.12,9.9
2021-12-02,87.6,87.84,1.04,1.08,-0.04,62.43,89.27,84.19,86.73,84296700.0,30.33,20.3,9.09
2021-12-03,87.99,87.91,1.02,1.06,-0.05,54.85,89.32,84.47,86.89,73105700.0,28.91,17.72,14.39
2021-12-06,88.08,88.32,1.08,1.07,0.01,64.95,89.6,84.54,87.07,82052100.0,28.07,18.8,13.3
2021-12-07,88.81,89.02,1.21,1.1,0.12,73.34,90.02,84.71,87.36,89961800.0,27.86,20.83,12.43
2021-12-08,89.31,89.45,1.3,1.14,0.16,71.8,90.34,84.92,87.63,84605300.0,27.93,21.21,11.75
2021-12-09,89.56,89.6,1.32,1.17,0.14,64.16,90.51,85.23,87.87,78874100.0,27.88,20.32,11.59
2021-12-10,90.01,89.83,1.35,1.21,0.14,68.0,90.69,85.54,88.11,83870800.0,28.13,21.09,11.03
2021-12-13,90.53,90.47,1.47,1.26,0.21,79.07,91.27,85.5,88.39,90317300.0,29.1,24.55,10.09
2021-12-14,90.46,90.32,1.41,1.29,0.12,52.49,91.45,85.59,88.52,79294700.0,29.15,22.19,12.02
2021-12-15,90.79,90.88,1.51,1.33,0.18,67.99,91.98,85.57,88.77,88884700.0,29.45,21.62,10.81
2021-12-16,91.26,91.33,1.59,1.38,0.2,69.44,92.5,85.49,88.99,96508000.0,30.1,23.22,10.28
2021-12-17,91.39,91.2,1.53,1.41,0.11,52.66,92.7,85.62,89.16,81172600.0,29.78,21.65,12.84
2021-12-20,91.03,90.78,1.38,1.41,-0.02,42.67,92.77,85.71,89.24,71004900.0,27.85,19.51,20.62
2021-12-21,91.11,90.67,1.29,1.38,-0.09,48.86,92.86,85.94,89.4,77292800.0,26.55,23.03,18.98
2021-12-22,90.87,90.71,1.24,1.36,-0.12,53.19,92.94,86.2,89.57,81435700.0,25.34,22.08,18.2
2021-12-23,90.57,90.71,1.17,1.32,-0.15,51.63,92.97,86.52,89.75,75590100.0,24.51,23.07,17.49
2021-12-27,90.64,90.91,1.16,1.29,-0.13,60.6,92.82,87.19,90.01,81000400.0,23.77,22.5,16.92
2021-12-28,91.03,91.24,1.18,1.26,-0.09,67.42,93.03,87.31,90.17,84096800.0,23.66,25.48,16.24
2021-12-29,91.34,91.49,1.19,1.25,-0.06,68.74,92.93,87.93,90.43,87042200.0,23.59,25.0,15.72
2021-12-30,91.73,91.91,1.24,1.25,-0.0,77.04,93.08,88.27,90.68,90758500.0,23.96,26.84,14.87
2021-12-31,92.26,92.4,1.32,1.26,0.06,81.65,93.39,88.43,90.91,95570300.0,24.78,29.27,13.96
2022-01-03,92.33,92.15,1.23,1.26,-0.03,47.4,93.21,88.98,91.09,87705900.0,23.65,25.1,20.96
2022-01-04,92.09,91.66,1.07,1.22,-0.15,36.4,93.1,89.24,91.17,79326800.0,22.6,23.57,19.69
2022-01-05,91.64,91.02,0.85,1.15,-0.29,28.41,93.14,89.13,91.14,72604500.0,21.11,21.61,22.35
2022-01-06,90.24,89.27,0.36,0.99,-0.63,13.25,93.98,87.84,90.91,59945900.0,21.91,17.99,35.15
2022-01-07,88.85,88.32,0.02,0.79,-0.78,21.69,94.36,87.11,90.73,73305200.0,23.07,16.29,36.4
2022-01-10,87.38,86.97,-0.42,0.55,-0.97,15.46,95.02,85.84,90.43,61926500.0,24.41,14.61,35.62
2022-01-11,86.2,86.25,-0.71,0.3,-1.01,22.06,95.25,84.93,90.09,70322400.0,25.68,13.84,33.98
2022-01-12,85.27,85.86,-0.92,0.06,-0.97,26.37,95.44,84.24,89.84,76806400.0,26.18,16.07,31.68
2022-01-13,85.1,85.54,-1.08,-0.17,-0.91,25.26,95.38,83.59,89.49,69603300.0,26.64,15.36,30.27
2022-01-14,84.45,84.76,-1.33,-0.4,-0.93,17.2,95.39,82.68,89.03,58519000.0,27.87,13.85,35.42
2022-01-18,83.85,83.59,-1.66,-0.65,-1.01,11.8,95.68,81.42,88.55,47670900.0,29.59,12.51,39.6
2022-01-19,83.41,83.26,-1.8,-0.88,-0.92,30.54,95.73,80.63,88.18,57344800.0,30.25,15.86,36.08
2022-01-20,83.09,83.34,-1.82,-1.07,-0.75,41.25,95.57,80.1,87.83,69373700.0,29.57,21.38,32.52
2022-01-21,82.63,83.09,-1.88,-1.23,-0.65,34.64,95.36,79.49,87.42,56564600.0,29.43,19.74,34.84
2022-01-24,82.37,82.7,-1.96,-1.38,-0.58,30.14,95.11,78.86,86.99,41874800.0,30.12,17.44,39.77
2022-01-25,81.14,80.17,-2.55,-1.61,-0.94,11.45,95.55,76.8,86.17,18949800.0,31.74,13.77,44.53
2022-01-26,79.15,77.66,-3.17,-1.92,-1.25,8.95,95.91,74.52,85.21,-5771900.0,33.63,12.16,46.14
2022-01-27,76.95,75.94,-3.64,-2.27,-1.37,8.82,95.8,72.68,84.24,-27022500.0,35.4,11.47,43.54
2022-01-28,74.93,74.8,-3.96,-2.61,-1.36,8.81,95.16,71.29,83.22,-52559600.0,37.41,10.46,47.02
2022-01-31,74.17,75.9,-3.72,-2.83,-0.89,53.47,93.64,71.29,82.46,-30771800.0,36.72,22.63,40.02
2022-02-01,74.6,76.35,-3.56,-2.98,-0.59,48.74,92.29,71.19,81.74,-42854700.0,35.63,23.62,36.55
2022-02-02,75.62,76.81,-3.36,-3.05,-0.31,51.74,90.94,71.25,81.09,-34457000.0,34.62,22.88,35.41
2022-02-03,76.27,76.46,-3.31,-3.1,-0.21,40.22,89.65,71.14,80.4,-42417700.0,34.04,21.48,36.97
2022-02-04,76.97,76.31,-3.22,-3.13,-0.1,42.19,89.01,70.81,79.91,-30285700.0,33.72,20.15,37.08
2022-02-07,76.48,76.1,-3.14,-3.13,-0.01,39.93,88.14,70.61,79.37,-38470200.0,33.43,19.69,36.22
2022-02-08,76.13,75.89,-3.06,-3.12,0.06,38.22,87.55,70.31,78.93,-45228700.0,32.84,20.64,34.6
2022-02-09,75.92,76.14,-2.87,-3.07,0.2,52.16,86.75,70.29,78.52,-37837800.0,32.05,21.08,32.75
2022-02-10,75.85,75.91,-2.78,-3.01,0.23,40.61,85.79,70.29,78.04,-47511100.0,31.8,19.72,35.48
2022-02-11,75.64,75.6,-2.71,-2.95,0.24,36.52,84.73,70.36,77.54,-56510200.0,31.57,18.51,33.4
2022-02-14,75.49,75.37,-2.64,-2.89,0.25,36.15,83.9,70.36,77.13,-64839400.0,31.61,17.69,34.37
2022-02-15,75.42,75.28,-2.53,-2.82,0.28,39.42,83.38,70.27,76.82,-55737400.0,30.98,20.39,32.49
2022-02-16,75.13,75.26,-2.41,-2.74,0.32,42.46,82.48,70.43,76.45,-48232300.0,30.49,19.62,32.1
2022-02-17,75.12,75.3,-2.28,-2.64,0.37,46.09,81.13,70.96,76.05,-38139200.0,29.92,19.4,30.64
2022-02-18,74.95,74.92,-2.25,-2.57,0.32,28.01,79.78,71.47,75.63,-47697800.0,29.65,18.09,30.85
2022-02-22,74.73,74.54,-2.22,-2.5,0.27,24.41,78.28,72.16,75.22,-55931200.0,29.6,17.34,31.49
2022-02-23,74.17,73.8,-2.3,-2.46,0.16,14.94,78.39,71.77,75.08,-63768300.0,29.93,16.01,32.73
2022-02-24,74.21,74.35,-2.08,-2.38,0.3,58.23,78.34,72.1,75.22,-48017900.0,30.72,13.47,32.19
2022-02-25,74.57,75.28,-1.75,-2.26,0.51,69.08,78.42,72.48,75.45,-35408400.0,30.47,17.24,30.13
2022-02-28,75.39,76.28,-1.38,-2.08,0.7,74.43,78.62,72.86,75.74,-19062800.0,29.28,21.31,28.14
2022-03-01,76.13,76.67,-1.14,-1.89,0.75,64.06,78.49,72.92,75.71,-32993100.0,28.29,19.75,26.91
2022-03-02,77.17,76.96,-0.94,-1.7,0.77,64.87,78.55,72.9,75.72,-26004400.0,27.39,18.89,25.91
2022-03-03,77.84,77.57,-0.66,-1.49,0.83,73.35,78.78,72.77,75.78,-15928900.0,25.65,22.91,24.35
2022-03-04,78.45,78.45,-0.33,-1.26,0.93,80.19,79.57,72.42,76.0,-6932500.0,24.16,25.04,22.75
2022-03-07,79.63,80.36,0.25,-0.96,1.21,89.56,81.46,71.36,76.41,13016400.0,24.33,34.1,19.77
2022-03-08,80.54,80.89,0.53,-0.66,1.19,67.23,82.3,71.14,76.72,-1701200.0,24.81,33.38,17.6
2022-03-09,81.09,80.7,0.61,-0.41,1.02,54.76,82.72,71.2,76.96,-14411200.0,24.37,31.01,21.24
2022-03-10,81.36,80.52,0.65,-0.2,0.85,53.54,83.06,71.21,77.14,-23965500.0,23.17,29.11,25.01
2022-03-11,81.18,80.11,0.61,-0.03,0.64,46.58,83.27,71.39,77.33,-31196100.0,22.3,29.39,23.58
2022-03-14,80.2,79.84,0.57,0.09,0.48,46.4,83.44,71.65,77.55,-38329900.0,21.23,27.61,23.84
2022-03-15,80.21,80.55,0.74,0.22,0.53,67.23,83.97,71.83,77.9,-28762900.0,20.87,30.05,21.67
2022-03-16,80.65,81.2,0.92,0.36,0.56,70.08,84.51,72.03,78.27,-20501700.0,20.71,29.77,20.4
2022-03-17,81.15,81.7,1.05,0.5,0.56,71.15,85.0,72.28,78.64,-14159800.0,20.75,30.59,19.85
2022-03-18,81.77,81.92,1.13,0.62,0.5,65.93,85.36,72.62,78.99,-27630600.0,20.89,30.15,19.02
2022-03-21,82.27,81.88,1.12,0.72,0.4,56.67,85.45,73.3,79.38,-34812300.0,20.56,28.83,20.78
2022-03-22,82.44,82.2,1.19,0.82,0.38,67.26,85.51,74.15,79.83,-26295500.0,20.34,27.98,19.65
2022-03-23,82.46,82.33,1.21,0.89,0.31,62.19,84.97,75.71,80.34,-32421300.0,20.2,27.38,18.88
2022-03-24,82.66,82.78,1.3,0.98,0.32,72.6,85.02,76.49,80.75,-26923300.0,20.39,28.71,18.02
2022-03-25,82.97,83.17,1.38,1.06,0.32,74.47,85.24,76.95,81.09,-21442300.0,20.77,29.3,17.3
2022-03-28,83.5,83.59,1.46,1.14,0.32,78.25,85.57,77.23,81.4,-15264600.0,21.34,30.0,16.58
2022-03-29,83.85,83.93,1.52,1.21,0.31,79.71,85.74,77.78,81.76,-6310300.0,22.02,29.61,15.65
2022-03-30,84.44,84.46,1.62,1.29,0.33,85.38,85.96,78.35,82.16,519000.0,22.98,31.25,14.9
2022-03-31,84.64,84.54,1.62,1.36,0.26,65.0,86.08,78.83,82.45,-9563800.0,24.08,31.29,13.92
2022-04-01,84.99,84.93,1.68,1.42,0.26,74.59,86.46,78.99,82.73,-3110000.0,24.57,29.11,15.37
2022-04-04,85.23,85.16,1.7,1.48,0.22,72.36,86.7,78.9,82.8,-9575700.0,25.07,28.0,14.54
2022-04-05,85.57,85.55,1.76,1.54,0.22,78.66,87.18,78.86,83.02,-2372500.0,26.24,32.35,13.41
2022-04-06,85.77,85.86,1.79,1.59,0.2,79.95,87.56,79.1,83.33,5249400.0,27.04,30.82,14.04
2022-04-07,86.25,86.27,1.84,1.64,0.21,84.31,87.94,79.4,83.67,13066800.0,28.11,32.04,13.07
2022-04-08,86.32,86.21,1.79,1.67,0.12,57.89,87.9,80.12,84.01,7335200.0,29.2,30.86,12.18
2022-04-11,86.11,85.67,1.6,1.65,-0.05,36.25,87.51,81.05,84.28,590000.0,28.68,28.36,18.15
2022-04-12,85.63,85.07,1.38,1.6,-0.22,29.87,87.43,81.31,84.37,-8124800.0,27.43,26.56,21.23
2022-04-13,85.04,84.57,1.17,1.51,-0.35,26.95,87.39,81.46,84.43,-15983300.0,26.04,24.92,21.24
2022-04-14,84.18,83.98,0.93,1.4,-0.47,21.28,87.38,81.48,84.43,-23147400.0,24.52,23.67,21.53
2022-04-18,83.31,83.22,0.64,1.24,-0.6,15.31,87.45,81.34,84.4,-29426500.0,23.6,21.06,26.59
2022-04-19,82.76,82.76,0.42,1.08,-0.66,18.43,87.45,81.35,84.4,-21321700.0,22.74,20.14,25.42
2022-04-20,82.28,82.34,0.21,0.91,-0.69,16.41,87.57,81.1,84.33,-29778700.0,21.23,22.73,23.49
2022-04-21,80.81,80.29,-0.37,0.65,-1.02,5.0,88.78,79.24,84.01,-47491500.0,22.33,17.99,38.74
2022-04-22,79.04,78.18,-1.01,0.32,-1.33,3.67,90.01,77.04,83.53,-62776300.0,23.94,16.33,42.93
2022-04-25,77.5,76.8,-1.49,-0.04,-1.44,4.95,90.71,75.35,83.03,-47078400.0,25.96,14.64,46.62
2022-04-26,75.85,75.72,-1.88,-0.41,-1.47,4.55,91.17,73.81,82.49,-58050000.0,27.53,15.52,44.12
2022-04-27,74.2,74.9,-2.19,-0.77,-1.43,4.28,91.42,72.43,81.92,-69039600.0,29.06,14.42,42.08
2022-04-28,73.66,74.43,-2.4,-1.09,-1.3,9.26,91.34,71.3,81.32,-57714000.0,30.58,13.81,41.86
2022-04-29,73.08,73.3,-2.72,-1.42,-1.3,5.35,91.47,69.8,80.64,-72626900.0,32.43,12.49,44.77
2022-05-02,72.24,72.15,-3.04,-1.74,-1.3,4.3,91.37,68.31,79.84,-86965000.0,34.57,11.18,48.36
2022-05-03,71.68,71.69,-3.18,-2.03,-1.15,19.62,90.96,67.25,79.1,-76545100.0,36.55,10.48,45.02
2022-05-04,71.64,72.15,-3.08,-2.24,-0.84,47.02,90.08,66.79,78.44,-65685500.0,37.11,15.75,40.97
2022-05-05,71.31,72.04,-3.06,-2.4,-0.65,38.35,89.07,66.34,77.7,-76067800.0,37.64,14.73,38.32
2022-05-06,71.6,72.19,-2.95,-2.51,-0.44,44.91,87.7,66.25,76.97,-66702900.0,38.16,13.82,36.33
2022-05-09,71.77,71.69,-2.98,-2.61,-0.37,32.75,86.4,66.01,76.21,-77145600.0,38.87,12.75,36.42
2022-05-10,71.61,71.13,-3.02,-2.69,-0.33,28.76,85.25,65.71,75.48,-91877500.0,39.92,11.45,37.91
2022-05-11,71.04,70.82,-3.01,-2.75,-0.25,31.79,84.01,65.57,74.79,-80748500.0,40.9,10.74,35.57
2022-05-12,70.38,70.05,-3.09,-2.82,-0.27,22.27,82.71,65.36,74.04,-96113400.0,42.32,9.59,39.36
2022-05-13,69.84,69.97,-3.03,-2.86,-0.16,39.54,81.25,65.53,73.39,-88102800.0,43.64,9.05,37.16
2022-05-16,69.72,70.02,-2.91,-2.87,-0.04,43.44,79.79,65.83,72.81,-80763300.0,44.41,10.46,35.47
2022-05-17,70.13,70.68,-2.64,-2.83,0.19,61.74,77.94,66.7,72.32,-71874000.0,44.08,14.29,33.14
2022-05-18,70.29,70.79,-2.47,-2.75,0.28,50.72,75.53,68.06,71.79,-82190800.0,43.6,14.29,31.34
2022-05-19,70.68,70.68,-2.36,-2.68,0.32,45.37,74.69,68.32,71.51,-91784300.0,43.55,13.49,33.81
2022-05-20,70.96,70.86,-2.18,-2.58,0.39,53.93,74.35,68.39,71.37,-82036500.0,43.14,14.43,31.88
2022-05-23,71.45,71.42,-1.91,-2.44,0.53,65.69,74.07,68.52,71.3,-71657800.0,41.96,17.51,30.26
2022-05-24,71.98,72.51,-1.51,-2.26,0.75,77.25,74.34,68.36,71.35,-60524300.0,39.39,24.16,27.26
2022-05-25,72.74,73.27,-1.17,-2.04,0.87,77.78,74.68,68.18,71.43,-49332200.0,36.88,23.63,25.71
2022-05-26,73.65,73.86,-0.87,-1.81,0.94,79.05,75.01,68.0,71.5,-39900900.0,34.29,25.02,24.75
2022-05-27,74.9,75.05,-0.43,-1.53,1.1,87.56,76.17,67.48,71.83,-30465600.0,32.74,28.19,21.83
2022-05-31,75.52,75.26,-0.23,-1.27,1.05,63.94,76.67,67.56,72.12,-60177600.0,31.31,25.92,20.07
2022-06-01,75.82,75.56,-0.02,-1.02,1.0,67.0,77.22,67.55,72.39,-52183500.0,29.98,24.68,19.12
2022-06-02,76.57,76.55,0.33,-0.75,1.08,78.31,78.18,67.14,72.66,-42542900.0,29.71,29.55,17.31
2022-06-03,77.3,77.26,0.61,-0.48,1.09,78.96,79.1,66.91,73.0,-33249400.0,29.57,29.38,16.59
2022-06-06,77.85,78.24,0.94,-0.2,1.14,84.19,80.23,66.54,73.39,-20532500.0,30.38,35.54,14.93
2022-06-07,78.67,78.75,1.16,0.08,1.08,77.6,81.11,66.58,73.84,-27938100.0,29.92,33.11,20.31
2022-06-08,79.13,78.67,1.21,0.3,0.91,59.31,81.57,66.96,74.27,-33136100.0,29.47,31.26,19.32
2022-06-09,78.9,78.22,1.15,0.47,0.68,46.98,81.8,67.45,74.62,-41490900.0,28.45,29.46,21.68
2022-06-10,78.34,77.45,0.98,0.57,0.4,35.51,81.61,68.38,74.99,-50089400.0,26.63,27.73,26.13
2022-06-13,76.79,75.77,0.55,0.57,-0.02,20.32,81.42,68.83,75.12,-61971700.0,26.15,23.92,35.79
2022-06-14,75.13,74.34,0.13,0.48,-0.35,17.79,81.3,69.09,75.19,-73384200.0,26.25,21.61,38.05
2022-06-15,74.27,74.29,0.02,0.39,-0.37,43.42,81.25,69.35,75.3,-61298900.0,25.16,26.53,33.14
2022-06-16,72.97,73.15,-0.33,0.24,-0.58,29.39,81.26,69.33,75.29,-74028100.0,24.83,23.29,35.36
2022-06-17,71.95,72.37,-0.61,0.07,-0.68,29.18,81.23,69.4,75.31,-89947100.0,24.53,21.81,33.11
2022-06-21,72.02,72.49,-0.67,-0.07,-0.59,45.1,81.13,69.65,75.39,-81480200.0,23.93,22.06,30.52
2022-06-22,72.66,73.22,-0.55,-0.17,-0.38,57.33,81.1,69.89,75.49,-68793700.0,22.4,25.91,27.26
2022-06-23,73.26,74.55,-0.25,-0.19,-0.06,68.55,81.26,69.99,75.62,-56291200.0,21.34,29.22,25.13
2022-06-24,74.69,75.71,0.06,-0.14,0.19,71.6,81.5,70.07,75.78,-46970700.0,20.61,30.05,24.02
2022-06-27,76.11,76.43,0.28,-0.05,0.34,70.25,81.7,70.15,75.93,-53527900.0,19.95,29.44,23.41
2022-06-28,76.85,76.44,0.34,0.03,0.32,55.63,81.62,70.13,75.88,-59668100.0,18.81,27.52,25.4
2022-06-29,77.11,76.29,0.35,0.09,0.26,51.56,81.63,70.15,75.89,-66750300.0,17.61,26.38,27.48
2022-06-30,77.16,76.68,0.47,0.17,0.3,62.84,81.74,70.18,75.96,-57877400.0,16.93,29.31,24.95
2022-07-01,77.67,77.97,0.8,0.29,0.51,77.03,82.08,70.03,76.06,-50159000.0,17.15,33.8,22.52
2022-07-05,77.91,78.35,0.94,0.42,0.52,62.97,82.14,70.01,76.08,-61437600.0,17.1,30.61,21.98
2022-07-06,78.54,78.76,1.07,0.55,0.52,65.47,82.03,70.06,76.05,-53519200.0,17.05,29.12,20.91
2022-07-07,79.42,79.3,1.23,0.69,0.54,69.94,82.14,70.01,76.08,-48021200.0,17.15,29.39,20.23
2022-07-08,79.97,79.62,1.33,0.81,0.51,68.17,82.42,69.91,76.17,-53729500.0,17.01,28.4,20.88
2022-07-11,80.0,79.97,1.42,0.94,0.49,71.18,82.87,69.79,76.33,-47629100.0,17.12,29.05,19.98
2022-07-12,80.17,79.96,1.42,1.03,0.39,59.27,83.26,69.81,76.53,-55183000.0,17.1,27.65,19.71
2022-07-13,80.3,80.06,1.43,1.11,0.32,62.59,83.56,70.3,76.93,-47630600.0,16.78,25.5,19.75
2022-07-14,80.25,80.08,1.41,1.17,0.24,60.03,83.63,71.09,77.36,-53755000.0,16.14,23.87,20.41
2022-07-15,79.95,79.63,1.27,1.19,0.08,38.48,83.71,71.46,77.59,-62535600.0,15.64,20.87,25.08
2022-07-18,79.31,78.92,1.05,1.16,-0.12,27.9,83.21,72.63,77.92,-69146400.0,15.18,20.01,24.04
2022-07-19,79.11,78.92,0.97,1.13,-0.15,48.75,82.5,74.15,78.32,-62742600.0,14.34,21.06,22.54
2022-07-20,78.72,78.72,0.86,1.07,-0.22,42.2,81.9,75.31,78.6,-69066300.0,13.51,20.17,21.32
2022-07-21,78.47,78.77,0.8,1.02,-0.22,49.8,81.58,76.05,78.81,-61218700.0,12.74,19.56,20.67
2022-07-22,78.78,79.26,0.85,0.98,-0.13,64.46,81.69,76.23,78.96,-49701600.0,13.23,27.57,18.53
2022-07-25,79.47,79.84,0.94,0.98,-0.03,70.21,81.94,76.28,79.11,-44666000.0,13.69,26.03,17.49
2022-07-26,79.67,79.86,0.92,0.96,-0.04,54.15,82.0,76.42,79.21,-51406900.0,13.89,24.33,17.44
2022-07-27,80.08,80.03,0.93,0.96,-0.03,59.27,81.93,76.89,79.41,-45350700.0,14.16,23.81,16.64
2022-07-28,81.21,81.54,1.26,1.02,0.24,81.77,82.77,76.91,79.84,-31789200.0,16.49,37.05,13.47
2022-07-29,82.06,82.52,1.5,1.11,0.38,81.1,83.55,76.83,80.19,-43264000.0,18.64,35.69,12.97
2022-08-01,82.93,83.45,1.73,1.24,0.49,83.83,84.46,76.39,80.43,-36259500.0,20.09,33.44,14.69
2022-08-02,84.08,84.19,1.92,1.37,0.55,85.01,85.34,76.17,80.75,-28595300.0,21.84,36.28,13.9
2022-08-03,85.29,84.95,2.12,1.52,0.59,87.53,86.27,75.93,81.1,-20954900.0,22.87,33.24,15.59
2022-08-04,85.98,85.96,2.36,1.69,0.67,91.11,87.44,75.52,81.48,-12275700.0,24.37,36.99,14.43
2022-08-05,86.68,86.63,2.53,1.86,0.67,91.11,88.43,75.3,81.87,-12275700.0,25.76,35.01,13.65
2022-08-08,87.12,86.93,2.6,2.01,0.59,80.21,89.19,75.23,82.21,-19518900.0,27.2,34.0,12.63
2022-08-09,87.77,87.59,2.73,2.15,0.58,86.4,90.13,75.18,82.66,-14364900.0,28.57,32.63,11.92
2022-08-10,88.44,88.32,2.87,2.3,0.58,89.03,91.13,75.13,83.13,-8671600.0,30.14,34.67,11.39
2022-08-11,88.73,88.69,2.92,2.42,0.5,81.05,91.92,75.27,83.6,-16197400.0,31.86,35.93,10.67
2022-08-12,89.22,89.28,3.01,2.54,0.47,85.78,92.7,75.67,84.19,-10934900.0,33.46,34.16,10.15
2022-08-15,89.92,89.86,3.09,2.65,0.44,87.74,93.29,76.43,84.86,-5902200.0,35.1,34.89,9.73
2022-08-16,90.24,90.08,3.08,2.74,0.34,76.15,93.76,77.12,85.44,-11152800.0,36.66,34.07,9.34
2022-08-17,90.33,90.12,3.01,2.79,0.22,68.24,93.92,78.15,86.03,-15330800.0,37.49,32.77,11.41
2022-08-18,90.49,90.16,2.92,2.82,0.11,68.73,93.96,79.24,86.6,-10240100.0,38.27,31.7,11.04
2022-08-19,90.34,90.01,2.78,2.81,-0.03,54.69,93.94,80.21,87.07,-15782900.0,38.45,30.01,12.63
2022-08-22,89.84,89.52,2.54,2.76,-0.21,34.98,93.74,81.16,87.45,-21566300.0,37.49,28.05,16.83
2022-08-23,89.33,89.01,2.28,2.66,-0.38,28.77,93.11,82.61,87.86,-25039900.0,36.06,26.76,18.77
2022-08-24,89.04,88.91,2.11,2.55,-0.44,44.74,92.25,84.29,88.27,-19370700.0,34.82,26.34,18.04
2022-08-25,88.87,89.07,2.01,2.44,-0.43,56.18,92.13,84.9,88.52,-13775500.0,34.09,27.81,16.85
2022-08-26,88.54,88.73,1.8,2.31,-0.52,37.3,91.82,85.57,88.69,-21765500.0,34.0,29.21,14.75
2022-08-29,88.23,88.16,1.53,2.16,-0.63,28.08,91.6,85.95,88.78,-27593300.0,32.72,27.07,19.56
2022-08-30,87.78,87.34,1.2,1.96,-0.77,20.17,91.6,85.96,88.78,-34987500.0,30.63,24.59,22.96
2022-08-31,87.05,86.58,0.87,1.75,-0.88,17.23,91.81,85.61,88.71,-41818400.0,28.48,23.01,23.28
2022-09-01,86.42,86.47,0.7,1.54,-0.84,38.31,91.89,85.36,88.62,-35922100.0,26.54,22.08,21.51
2022-09-02,85.83,86.02,0.47,1.32,-0.85,29.35,92.09,84.88,88.48,-41707800.0,25.28,23.04,19.29
2022-09-06,85.9,86.47,0.46,1.15,-0.69,55.13,92.09,84.86,88.47,-30630700.0,24.76,24.27,16.88
2022-09-07,86.81,87.73,0.68,1.06,-0.38,71.58,92.23,84.85,88.54,-19264100.0,25.34,29.58,14.94
2022-09-08,87.85,88.57,0.85,1.01,-0.17,71.72,92.29,84.84,88.56,-10411600.0,26.14,30.41,14.12
2022-09-09,88.58,89.02,0.94,1.0,-0.06,66.81,92.34,84.83,88.59,-16112000.0,26.89,29.04,13.48
2022-09-12,89.72,89.61,1.07,1.01,0.06,72.58,92.4,84.81,88.6,-10538200.0,27.53,27.77,13.1
2022-09-13,90.02,89.36,1.01,1.01,-0.01,49.51,92.13,84.86,88.5,-16163000.0,26.92,25.17,17.14
2022-09-14,89.74,89.2,0.95,1.0,-0.05,49.72,91.93,84.9,88.42,-8881500.0,26.03,23.84,17.81
2022-09-15,88.89,88.14,0.66,0.93,-0.27,28.77,91.77,84.64,88.21,-27562500.0,25.2,20.27,27.1
2022-09-16,87.87,87.02,0.33,0.81,-0.48,23.51,91.67,84.2,87.93,-46753200.0,24.6,19.12,26.8
2022-09-19,87.08,86.96,0.23,0.69,-0.46,44.74,91.46,84.12,87.79,-37932200.0,23.42,20.81,24.46
2022-09-20,86.44,86.54,0.06,0.57,-0.51,37.45,91.41,83.89,87.65,-44174200.0,22.32,19.34,22.74
2022-09-21,85.46,85.68,-0.21,0.41,-0.62,28.71,91.53,83.36,87.45,-50880500.0,21.86,17.6,24.24
2022-09-22,84.97,84.97,-0.46,0.24,-0.69,26.76,91.56,82.81,87.19,-57629200.0,21.91,16.83,26.62
2022-09-23,84.51,84.15,-0.73,0.05,-0.77,22.27,91.54,82.15,86.84,-64348900.0,22.7,15.46,30.7
2022-09-26,83.37,83.15,-1.04,-0.17,-0.87,17.37,91.77,81.23,86.5,-72051800.0,23.82,14.09,31.66
2022-09-27,82.45,82.46,-1.27,-0.39,-0.88,17.13,91.97,80.44,86.2,-81298800.0,24.94,12.83,29.58
2022-09-28,82.13,82.43,-1.34,-0.58,-0.76,37.17,92.04,80.03,86.04,-72585400.0,25.63,13.4,27.53
2022-09-29,81.42,81.61,-1.57,-0.78,-0.79,23.79,92.33,79.23,85.78,-80876700.0,26.94,12.05,30.94
2022-09-30,80.6,80.54,-1.86,-1.0,-0.86,18.41,92.68,78.1,85.39,-93731000.0,28.52,11.1,32.5
2022-10-03,80.6,80.76,-1.84,-1.16,-0.68,45.75,92.71,77.68,85.19,-85615800.0,29.13,13.32,29.05
2022-10-04,80.95,81.45,-1.68,-1.27,-0.41,56.45,92.48,77.45,84.97,-77422100.0,28.77,16.78,27.4
2022-10-05,80.83,81.55,-1.61,-1.34,-0.27,48.71,91.77,77.32,84.54,-82890800.0,28.86,15.49,28.76
2022-10-06,80.62,80.67,-1.77,-1.42,-0.35,33.22,91.1,76.85,83.97,-91265400.0,29.53,14.02,31.46
2022-10-07,80.28,79.36,-2.05,-1.55,-0.5,25.49,90.56,76.07,83.32,-98962800.0,30.91,12.81,37.21
2022-10-10,79.39,78.49,-2.24,-1.69,-0.56,25.59,89.53,75.69,82.61,-92844800.0,32.19,12.27,35.65
2022-10-11,78.04,77.67,-2.42,-1.83,-0.59,22.88,88.83,75.11,81.97,-101987900.0,33.67,11.57,37.55
2022-10-12,76.23,76.03,-2.8,-2.03,-0.77,14.21,88.37,73.96,81.16,-111703000.0,35.58,10.19,41.34
2022-10-13,75.07,75.05,-3.04,-2.23,-0.81,18.23,88.17,72.86,80.52,-98059300.0,37.72,9.19,44.16
2022-10-14,74.08,73.96,-3.29,-2.44,-0.85,14.85,88.15,71.59,79.87,-106794300.0,38.84,12.05,39.69
2022-10-17,73.46,73.85,-3.31,-2.62,-0.69,35.96,87.26,71.15,79.21,-99230800.0,39.88,11.1,36.57
2022-10-18,73.26,74.26,-3.17,-2.73,-0.44,48.04,86.34,71.01,78.68,-92232300.0,39.84,14.86,34.09
2022-10-19,73.44,74.05,-3.14,-2.81,-0.33,38.82,85.72,70.6,78.16,-100811900.0,40.21,13.75,36.23
2022-10-20,72.95,72.91,-3.31,-2.91,-0.4,25.77,85.33,69.7,77.51,-113835700.0,41.13,12.25,39.98
2022-10-21,72.93,72.49,-3.33,-2.99,-0.34,34.97,84.83,69.12,76.97,-102674400.0,41.98,11.32,36.93
2022-10-24,72.85,72.75,-3.18,-3.03,-0.15,47.98,84.34,68.81,76.58,-92684800.0,42.32,12.63,34.78
2022-10-25,73.01,73.79,-2.82,-2.99,0.17,62.73,83.81,68.83,76.32,-83467900.0,41.22,18.44,32.0
2022-10-26,73.41,74.39,-2.53,-2.9,0.37,60.57,82.93,69.02,75.98,-89715000.0,39.96,19.07,30.84
2022-10-27,74.37,74.75,-2.28,-2.77,0.49,59.29,82.47,69.04,75.75,-96878300.0,38.57,19.43,29.47
2022-10-28,75.85,76.18,-1.78,-2.57,0.8,76.36,82.55,69.02,75.78,-87755000.0,36.11,24.15,26.19
2022-10-31,76.69,76.62,-1.48,-2.36,0.87,62.32,81.96,69.24,75.6,-96028700.0,33.82,22.39,24.29
2022-11-01,77.06,76.98,-1.22,-2.13,0.91,63.47,80.88,69.81,75.34,-90618400.0,31.69,21.7,23.54
2022-11-02,77.4,77.08,-1.03,-1.91,0.88,58.87,79.9,70.34,75.12,-97737400.0,29.92,24.77,21.57
2022-11-03,77.94,77.45,-0.8,-1.69,0.89,65.43,79.76,70.4,75.08,-90817100.0,27.95,22.72,21.72
2022-11-04,77.89,77.9,-0.56,-1.46,0.9,69.61,80.09,70.28,75.19,-83058200.0,26.11,21.51,20.57
2022-11-07,77.85,77.7,-0.49,-1.27,0.78,50.89,80.16,70.27,75.21,-90066700.0,24.67,19.71,22.19
2022-11-08,77.96,77.89,-0.35,-1.08,0.73,59.68,80.44,70.21,75.33,-84548300.0,23.32,18.6,20.87
2022-11-09,78.15,77.99,-0.24,-0.92,0.67,58.74,80.71,70.48,75.6,-89488300.0,22.07,17.95,20.15
2022-11-10,79.15,79.73,0.25,-0.68,0.93,82.85,82.06,70.15,76.1,-80172400.0,22.28,28.32,16.97
2022-11-11,80.05,80.92,0.63,-0.42,1.05,83.12,83.06,70.3,76.68,-74441500.0,22.5,27.02,16.06
2022-11-14,80.93,81.17,0.8,-0.18,0.97,64.11,83.66,70.51,77.08,-82345500.0,22.48,25.31,16.12
2022-11-15,81.86,81.75,1.02,0.06,0.96,70.5,84.44,70.5,77.47,-76750600.0,22.48,23.83,15.1
2022-11-16,83.08,82.61,1.29,0.31,0.98,76.42,85.35,70.67,78.01,-68305700.0,22.86,25.29,14.27
2022-11-17,82.91,82.52,1.33,0.51,0.82,56.59,85.33,71.85,78.59,-76639600.0,22.42,23.45,16.77
2022-11-18,82.89,82.75,1.42,0.69,0.72,61.92,85.39,72.95,79.17,-69975200.0,22.2,23.76,16.03
2022-11-21,83.28,83.03,1.5,0.85,0.65,64.48,85.57,73.8,79.69,-63381400.0,22.0,22.9,15.45
2022-11-22,83.52,83.39,1.59,1.0,0.59,67.93,86.01,74.19,80.1,-59275900.0,22.36,25.73,14.79
2022-11-23,83.64,83.9,1.7,1.14,0.56,73.1,86.45,74.68,80.57,-55016200.0,22.47,24.38,14.96
2022-11-25,84.23,84.38,1.81,1.28,0.53,75.65,86.81,75.31,81.06,-51394000.0,22.95,26.43,14.49
2022-11-28,84.34,84.16,1.74,1.37,0.37,52.04,87.07,75.51,81.29,-57858200.0,22.09,24.58,19.75
2022-11-29,84.12,83.61,1.57,1.41,0.16,40.01,87.07,76.01,81.54,-63256400.0,20.56,23.06,23.34
2022-11-30,84.24,83.97,1.6,1.45,0.15,60.4,87.29,76.5,81.89,-53517200.0,19.96,26.89,21.06
2022-12-01,84.22,84.26,1.61,1.48,0.13,61.36,87.37,77.17,82.27,-47686500.0,19.88,28.75,19.62
2022-12-02,84.19,84.57,1.63,1.51,0.12,64.45,87.51,77.73,82.62,-41369600.0,19.44,26.94,20.44
2022-12-05,84.47,84.76,1.62,1.53,0.09,63.59,87.62,78.26,82.94,-46881300.0,19.41,28.66,19.52
2022-12-06,85.01,84.9,1.6,1.54,0.05,63.95,87.32,79.35,83.33,-41853600.0,18.71,27.05,22.28
2022-12-07,85.13,85.03,1.57,1.55,0.02,65.51,87.0,80.37,83.68,-36744800.0,18.58,29.36,20.86
2022-12-08,85.32,85.27,1.57,1.55,0.02,71.99,86.36,81.76,84.06,-32463100.0,18.49,27.9,19.69
2022-12-09,85.18,85.02,1.45,1.53,-0.08,44.31,86.4,81.86,84.13,-36923400.0,18.07,26.24,20.33
2022-12-12,85.46,85.53,1.51,1.53,-0.02,68.79,86.76,81.82,84.29,-31574500.0,18.0,26.43,18.74
2022-12-13,85.85,86.07,1.58,1.54,0.04,73.13,87.02,82.11,84.56,-24395000.0,18.74,30.65,17.1
2022-12-14,86.2,86.4,1.61,1.55,0.06,71.07,87.33,82.21,84.77,-30506600.0,19.53,28.99,15.69
2022-12-15,86.21,86.2,1.52,1.55,-0.03,49.47,87.44,82.25,84.85,-36975700.0,19.61,27.31,17.95
2022-12-16,86.14,85.51,1.29,1.49,-0.2,32.73,87.29,82.58,84.94,-53925000.0,18.28,24.8,24.29
2022-12-19,85.53,84.85,1.05,1.41,-0.35,28.29,87.26,82.64,84.95,-59606100.0,17.08,23.59,24.25
2022-12-20,84.81,84.41,0.85,1.3,-0.44,28.29,87.27,82.63,84.95,-59606100.0,16.08,22.44,23.86
2022-12-21,84.33,84.49,0.78,1.19,-0.41,48.28,87.27,82.68,84.97,-54249900.0,15.25,24.71,22.55
2022-12-22,83.83,84.1,0.61,1.08,-0.47,34.39,87.3,82.5,84.9,-58740900.0,14.7,22.39,26.04
2022-12-23,83.84,84.13,0.53,0.97,-0.44,46.56,87.25,82.43,84.84,-55486200.0,14.19,21.3,24.77
2022-12-27,83.94,84.08,0.45,0.86,-0.41,44.45,87.24,82.46,84.85,-60212700.0,13.71,20.64,23.96
2022-12-28,83.86,83.78,0.32,0.75,-0.44,34.72,87.16,82.61,84.88,-63749100.0,13.56,19.34,24.43
2022-12-29,83.75,83.88,0.28,0.66,-0.38,49.77,87.15,82.56,84.85,-60370800.0,13.31,18.74,22.9
2022-12-30,83.8,83.79,0.21,0.57,-0.36,43.27,87.15,82.43,84.79,-64637700.0,13.69,17.51,25.55
